ad_account_id,image_id,game_id,budget_mode,daily_budget,expand_enabled,expand_targeting,site_set,deep_link_url,adcreative_template_id,page_spec,link_page_spec,link_name_type,link_page_type,promoted_object_id,profile_id,promoted_object_type,automatic_site_enabled,label,adcreative_elements,optimization_goal,bid_strategy,bid_amount,deep_conversion_type,deep_conversion_behavior_spec,deep_conversion_worth_spec,time_series,targeting,op_id,flag,game_name,platform
9556,38593,1001447,0,0,True,['age'],['SITE_SET_MOMENTS'],,1480,"{'override_canvas_head_option': 'OPTION_CREATIVE_OVERRIDE_CANVAS', 'page_id': '2281746105'}",,DOWNLOAD_APP,LINK_PAGE_TYPE_DEFAULT,1552323463,614744,PROMOTED_OBJECT_TYPE_APP_IOS,False,,"{'short_video_struct': {'short_video1': 113755}, 'title': '闯关+逃生，没WiFi也能玩一天，试试你能过几关？', 'brand': {'brand_name': 'N1计划-享受战斗乐趣', 'brand_img': 78613}}",OPTIMIZATIONGOAL_APP_PURCHASE,BID_STRATEGY_TARGET_COST,16615,DEEP_CONVERSION_WORTH,,"{'goal': 'GOAL_1DAY_PURCHASE_ROAS', 'expected_roi': 0.016}",111111111111111111111111111111111111111111111111111111111111111111111111111111111111111111111111111111111100000000001111111111111111111111111111111111111100000000001111111111111111111111111111111111111111111111111111111111111111111111111111111111111111111111111111111111111111111111111111111111111111111111111111111111111111111111111111,"{'device_price': None, 'app_install_status': None, 'gender': ['MALE'], 'game_consumption_level': None, 'age': [{'min': 20, 'max': 50}], 'network_type': None, 'excluded_converted_audience': {'conversion_behavior_list': None, 'excluded_dimension': None}, 'geo_location': {'regions': None, 'location_types': None}, 'intention': {'targeting_tags': None}, 'interest': {'category_id_list': None, 'keyword_list': None}, 'behavior': [{'category_id_list': None, 'intensity': None, 'keyword_list': None, 'scene': None, 'time_window': None}]}",13268,GDT,N1,2
9556,38396,1001447,0,0,False,[],['SITE_SET_MOMENTS'],,1480,"{'override_canvas_head_option': 'OPTION_CREATIVE_OVERRIDE_CANVAS', 'page_id': '2281746105'}",,DOWNLOAD_APP,LINK_PAGE_TYPE_DEFAULT,1552323463,614744,PROMOTED_OBJECT_TYPE_APP_IOS,False,,"{'short_video_struct': {'short_video1': 113523}, 'title': '烧脑闯关小游戏、6分钟一局，轻松过瘾、没WiFi也能玩一天！', 'brand': {'brand_name': 'N1计划——享受战斗乐趣', 'brand_img': 78613}}",OPTIMIZATIONGOAL_APP_ACTIVATE,BID_STRATEGY_TARGET_COST,16545,DEEP_CONVERSION_WORTH,,"{'goal': 'GOAL_1DAY_PURCHASE_ROAS', 'expected_roi': 0.016}",111111111111111111111111111111111111111111111111111111111111111111111111111111111111111111111111111111111100000000001111111111111111111111111111111111111100000000001111111111111111111111111111111111111111111111111111111111111111111111111111111111111111111111111111111111111111111111111111111111111111111111111111111111111111111111111111,"{'device_price': None, 'app_install_status': None, 'gender': ['MALE'], 'game_consumption_level': None, 'age': [{'min': 20, 'max': 50}], 'network_type': None, 'excluded_converted_audience': {'conversion_behavior_list': None, 'excluded_dimension': None}, 'geo_location': {'regions': None, 'location_types': None}, 'intention': {'targeting_tags': None}, 'interest': {'category_id_list': None, 'keyword_list': None}, 'behavior': [{'category_id_list': None, 'intensity': None, 'keyword_list': None, 'scene': None, 'time_window': None}]}",13268,GDT,N1,2
9556,40187,1001447,0,0,True,['age'],['SITE_SET_MOMENTS'],,1480,"{'override_canvas_head_option': 'OPTION_CREATIVE_OVERRIDE_CANVAS', 'page_id': '2281746105'}",,DOWNLOAD_APP,LINK_PAGE_TYPE_DEFAULT,1552323463,614744,PROMOTED_OBJECT_TYPE_APP_IOS,False,,"{'short_video_struct': {'short_video1': 120931}, 'title': '休闲又解压，玩一天都不腻', 'brand': {'brand_name': '黎明血战', 'brand_img': 120069}}",OPTIMIZATIONGOAL_APP_ACTIVATE,BID_STRATEGY_AVERAGE_COST,16978,DEEP_CONVERSION_WORTH,,"{'goal': 'GOAL_1DAY_PURCHASE_ROAS', 'expected_roi': 0.016}",111111111111111111111111111111111111111111111111111111111111111111111111111111111111111111111111111111111100000000001111111111111111111111111111111111111100000000001111111111111111111111111111111111111111111111111111111111111111111111111111111111111111111111111111111111111111111111111111111111111111111111111111111111111111111111111111,"{'device_price': ['PRICE_2500_3500', 'PRICE_3500_4500', 'PRICE_4500_MORE'], 'app_install_status': ['NOT_INSTALLED'], 'gender': ['MALE'], 'game_consumption_level': None, 'age': [{'min': 20, 'max': 50}], 'network_type': None, 'excluded_converted_audience': {'conversion_behavior_list': ['OPTIMIZATIONGOAL_APP_ACTIVATE'], 'excluded_dimension': 'EXCLUDED_DIMENSION_APP'}, 'geo_location': {'regions': None, 'location_types': None}, 'intention': {'targeting_tags': [205]}, 'interest': {'category_id_list': [301, 205], 'keyword_list': None}, 'behavior': [{'category_id_list': [51, 85, 102, 203, 38, 631, 632], 'intensity': ['BEHAVIOR_INTEREST_INTENSITY_ALL'], 'keyword_list': ['保时捷', '凯迪拉克', '奔驰', '奥迪', '宝马', '本田', '沃尔沃', '法拉利', '豪车', '跑车', '迈巴赫'], 'scene': ['BEHAVIOR_INTEREST_SCENE_ALL'], 'time_window': 'BEHAVIOR_INTEREST_TIME_WINDOW_SEVEN_DAY'}]}",13268,GDT,N1,2
9556,40104,1001447,0,0,True,['age'],['SITE_SET_MOMENTS'],,721,"{'override_canvas_head_option': 'OPTION_CREATIVE_OVERRIDE_CANVAS', 'page_id': '2281746105'}",,DOWNLOAD_APP,LINK_PAGE_TYPE_DEFAULT,1552323463,614744,PROMOTED_OBJECT_TYPE_APP_IOS,False,,"{'video': 120462, 'title': '朋友被我带入坑，玩得比我还猛！', 'brand': {'brand_name': 'N1计划', 'brand_img': 78613}}",OPTIMIZATIONGOAL_APP_ACTIVATE,BID_STRATEGY_AVERAGE_COST,16631,DEEP_CONVERSION_WORTH,,"{'goal': 'GOAL_1DAY_PURCHASE_ROAS', 'expected_roi': 0.016}",111111111111111111111111111111111111111111111111111111111111111111111111111111111111111111111111111111111100000000001111111111111111111111111111111111111100000000001111111111111111111111111111111111111111111111111111111111111111111111111111111111111111111111111111111111111111111111111111111111111111111111111111111111111111111111111111,"{'device_price': ['PRICE_2500_3500', 'PRICE_3500_4500', 'PRICE_4500_MORE'], 'app_install_status': ['NOT_INSTALLED'], 'gender': ['MALE'], 'game_consumption_level': None, 'age': [{'min': 20, 'max': 50}], 'network_type': None, 'excluded_converted_audience': {'conversion_behavior_list': ['OPTIMIZATIONGOAL_APP_ACTIVATE'], 'excluded_dimension': 'EXCLUDED_DIMENSION_APP'}, 'geo_location': {'regions': None, 'location_types': None}, 'intention': {'targeting_tags': [205]}, 'interest': {'category_id_list': [301, 205], 'keyword_list': None}, 'behavior': [{'category_id_list': [51, 85, 102, 203, 38, 631, 632], 'intensity': ['BEHAVIOR_INTEREST_INTENSITY_ALL'], 'keyword_list': ['保时捷', '凯迪拉克', '奔驰', '奥迪', '宝马', '本田', '沃尔沃', '法拉利', '豪车', '跑车', '迈巴赫'], 'scene': ['BEHAVIOR_INTEREST_SCENE_ALL'], 'time_window': 'BEHAVIOR_INTEREST_TIME_WINDOW_SEVEN_DAY'}]}",13268,GDT,N1,2
9556,39712,1001447,0,0,False,[],['SITE_SET_MOMENTS'],,1480,"{'override_canvas_head_option': 'OPTION_CREATIVE_OVERRIDE_CANVAS', 'page_id': '2281746105'}",,DOWNLOAD_APP,LINK_PAGE_TYPE_DEFAULT,1552323463,614744,PROMOTED_OBJECT_TYPE_APP_IOS,False,,"{'short_video_struct': {'short_video1': 118727}, 'title': '烧脑闯关小游戏、6分钟一局，轻松过瘾、没WiFi也能玩一天！', 'brand': {'brand_name': 'N1计划——享受战斗乐趣', 'brand_img': 78613}}",OPTIMIZATIONGOAL_APP_ACTIVATE,BID_STRATEGY_TARGET_COST,16015,DEEP_CONVERSION_WORTH,,"{'goal': 'GOAL_1DAY_PURCHASE_ROAS', 'expected_roi': 0.016}",111111111111111111111111111111111111111111111111111111111111111111111111111111111111111111111111111111111100000000001111111111111111111111111111111111111100000000001111111111111111111111111111111111111111111111111111111111111111111111111111111111111111111111111111111111111111111111111111111111111111111111111111111111111111111111111111,"{'device_price': ['PRICE_4500_MORE', 'PRICE_3500_4500', 'PRICE_2500_3500'], 'app_install_status': None, 'gender': None, 'game_consumption_level': None, 'age': [{'min': 20, 'max': 50}], 'network_type': None, 'excluded_converted_audience': {'conversion_behavior_list': None, 'excluded_dimension': None}, 'geo_location': {'regions': None, 'location_types': None}, 'intention': {'targeting_tags': [205]}, 'interest': {'category_id_list': [38, 162, 226, 893], 'keyword_list': ['牌类游戏', '卡牌', '避难所', '星际', '灵兽世界', '元素地牢', '石巨人', '进化', '泰坦', 'gtasa', 'rust', '迷你世界攻略']}, 'behavior': [{'category_id_list': [38, 162], 'intensity': ['BEHAVIOR_INTEREST_INTENSITY_ALL'], 'keyword_list': ['卡牌游戏', '图鉴', '竞技类游戏', '游戏王', '牌类游戏', '卡牌', '龙珠激斗', '奥特曼系列ol', '梁山好汉', '完美融合'], 'scene': ['BEHAVIOR_INTEREST_SCENE_ALL'], 'time_window': 'BEHAVIOR_INTEREST_TIME_WINDOW_THIRTY_DAY'}]}",13268,GDT,N1,2
9556,39183,1001447,0,0,True,['age'],['SITE_SET_MOMENTS'],,721,"{'override_canvas_head_option': 'OPTION_CREATIVE_OVERRIDE_CANVAS', 'page_id': '2281746105'}",,DOWNLOAD_APP,LINK_PAGE_TYPE_DEFAULT,1552323463,614744,PROMOTED_OBJECT_TYPE_APP_IOS,False,,"{'video': 116307, 'title': '朋友被我带入坑，玩得比我还猛！'}",OPTIMIZATIONGOAL_APP_ACTIVATE,BID_STRATEGY_AVERAGE_COST,16199,DEEP_CONVERSION_WORTH,,"{'goal': 'GOAL_1DAY_PURCHASE_ROAS', 'expected_roi': 0.016}",111111111111111111111111111111111111111111111111111111111111111111111111111111111111111111111111111111111100000000001111111111111111111111111111111111111100000000001111111111111111111111111111111111111111111111111111111111111111111111111111111111111111111111111111111111111111111111111111111111111111111111111111111111111111111111111111,"{'device_price': None, 'app_install_status': ['NOT_INSTALLED'], 'gender': ['MALE'], 'game_consumption_level': ['HIGH', 'NORMAL'], 'age': [{'min': 20, 'max': 50}], 'network_type': None, 'excluded_converted_audience': {'conversion_behavior_list': ['OPTIMIZATIONGOAL_APP_ACTIVATE'], 'excluded_dimension': 'EXCLUDED_DIMENSION_APP'}, 'geo_location': {'regions': None, 'location_types': None}, 'intention': {'targeting_tags': None}, 'interest': {'category_id_list': None, 'keyword_list': None}, 'behavior': [{'category_id_list': None, 'intensity': None, 'keyword_list': None, 'scene': None, 'time_window': None}]}",13268,GDT,N1,2
9556,37926,1001447,0,0,True,['age'],['SITE_SET_MOMENTS'],,1480,"{'override_canvas_head_option': 'OPTION_CREATIVE_OVERRIDE_CANVAS', 'page_id': '2281746105'}",,DOWNLOAD_APP,LINK_PAGE_TYPE_DEFAULT,1552323463,614744,PROMOTED_OBJECT_TYPE_APP_IOS,False,,"{'short_video_struct': {'short_video1': 110567}, 'title': '闯关+逃生，没WiFi也能玩一天，试试你能过几关？[勾引][勾引][勾引]', 'brand': {'brand_name': 'N1计划', 'brand_img': 102585}}",OPTIMIZATIONGOAL_APP_ACTIVATE,BID_STRATEGY_AVERAGE_COST,16982,DEEP_CONVERSION_WORTH,,"{'goal': 'GOAL_1DAY_PURCHASE_ROAS', 'expected_roi': 0.016}",111111111111111111111111111111111111111111111111111111111111111111111111111111111111111111111111111111111100000000001111111111111111111111111111111111111100000000001111111111111111111111111111111111111111111111111111111111111111111111111111111111111111111111111111111111111111111111111111111111111111111111111111111111111111111111111111,"{'device_price': ['PRICE_4500_MORE', 'PRICE_3500_4500', 'PRICE_2500_3500'], 'app_install_status': None, 'gender': None, 'game_consumption_level': None, 'age': [{'min': 20, 'max': 50}], 'network_type': None, 'excluded_converted_audience': {'conversion_behavior_list': None, 'excluded_dimension': None}, 'geo_location': {'regions': None, 'location_types': None}, 'intention': {'targeting_tags': None}, 'interest': {'category_id_list': None, 'keyword_list': None}, 'behavior': [{'category_id_list': None, 'intensity': None, 'keyword_list': None, 'scene': None, 'time_window': None}]}",13268,GDT,N1,2
9556,39819,1001447,0,0,True,['age'],['SITE_SET_MOMENTS'],,1480,"{'override_canvas_head_option': 'OPTION_CREATIVE_OVERRIDE_CANVAS', 'page_id': '2281746105'}",,DOWNLOAD_APP,LINK_PAGE_TYPE_DEFAULT,1552323463,614744,PROMOTED_OBJECT_TYPE_APP_IOS,False,,"{'short_video_struct': {'short_video1': 119175}, 'title': '嫂子被我带入坑，现在玩得比我还猛！', 'brand': {'brand_name': 'N1计划-享受战斗乐趣', 'brand_img': 78613}}",OPTIMIZATIONGOAL_APP_ACTIVATE,BID_STRATEGY_TARGET_COST,16108,DEEP_CONVERSION_WORTH,,"{'goal': 'GOAL_1DAY_PURCHASE_ROAS', 'expected_roi': 0.016}",111111111111111111111111111111111111111111111111111111111111111111111111111111111111111111111111111111111100000000001111111111111111111111111111111111111100000000001111111111111111111111111111111111111111111111111111111111111111111111111111111111111111111111111111111111111111111111111111111111111111111111111111111111111111111111111111,"{'device_price': ['PRICE_4500_MORE', 'PRICE_3500_4500', 'PRICE_2500_3500'], 'app_install_status': ['NOT_INSTALLED'], 'gender': ['MALE'], 'game_consumption_level': None, 'age': [{'min': 20, 'max': 50}], 'network_type': None, 'excluded_converted_audience': {'conversion_behavior_list': ['OPTIMIZATIONGOAL_APP_ACTIVATE'], 'excluded_dimension': 'EXCLUDED_DIMENSION_APP'}, 'geo_location': {'regions': None, 'location_types': None}, 'intention': {'targeting_tags': None}, 'interest': {'category_id_list': None, 'keyword_list': None}, 'behavior': [{'category_id_list': None, 'intensity': None, 'keyword_list': None, 'scene': None, 'time_window': None}]}",13268,GDT,N1,2
9557,38489,1001447,0,0,False,[],['SITE_SET_MOMENTS'],,1480,"{'override_canvas_head_option': 'OPTION_CREATIVE_OVERRIDE_CANVAS', 'page_id': '2281746105'}",,DOWNLOAD_GAME,LINK_PAGE_TYPE_DEFAULT,1552323463,614769,PROMOTED_OBJECT_TYPE_APP_IOS,False,,"{'short_video_struct': {'short_video1': 113189}, 'brand': {'brand_name': 'N1计划', 'brand_img': 71750}, 'title': '闯关+逃生，没WiFi也能玩一天，试试你能过几关？[勾引][勾引][勾引]'}",OPTIMIZATIONGOAL_APP_PURCHASE,BID_STRATEGY_AVERAGE_COST,218516,,,,111111111111111111111111111111111111111111111111111111111111111111111111111111111111111111111111111111111100000000001111111111111111111111111111111111111100000000001111111111111111111111111111111111111111111111111111111111111111111111111111111111111111111111111111111111111111111111111111111111111111111111111111111111111111111111111111,"{'device_price': None, 'app_install_status': ['NOT_INSTALLED'], 'gender': ['MALE'], 'game_consumption_level': ['HIGH', 'NORMAL'], 'age': [{'min': 20, 'max': 50}], 'network_type': None, 'excluded_converted_audience': {'conversion_behavior_list': ['OPTIMIZATIONGOAL_APP_ACTIVATE'], 'excluded_dimension': 'EXCLUDED_DIMENSION_APP'}, 'geo_location': {'regions': None, 'location_types': None}, 'intention': {'targeting_tags': None}, 'interest': {'category_id_list': None, 'keyword_list': None}, 'behavior': [{'category_id_list': None, 'intensity': None, 'keyword_list': None, 'scene': None, 'time_window': None}]}",13268,GDT,N1,2
9557,40033,1001447,0,0,False,[],['SITE_SET_MOMENTS'],,1480,"{'override_canvas_head_option': 'OPTION_CREATIVE_OVERRIDE_CANVAS', 'page_id': '2281746105'}",,DOWNLOAD_GAME,LINK_PAGE_TYPE_DEFAULT,1552323463,614769,PROMOTED_OBJECT_TYPE_APP_IOS,False,,"{'short_video_struct': {'short_video1': 120179}, 'brand': {'brand_name': 'N1计划', 'brand_img': 71750}, 'title': '闯关+逃生，没WiFi也能玩一天，试试你能过几关？[勾引][勾引][勾引]'}",OPTIMIZATIONGOAL_APP_ACTIVATE,BID_STRATEGY_AVERAGE_COST,217355,,,,111111111111111111111111111111111111111111111111111111111111111111111111111111111111111111111111111111111100000000001111111111111111111111111111111111111100000000001111111111111111111111111111111111111111111111111111111111111111111111111111111111111111111111111111111111111111111111111111111111111111111111111111111111111111111111111111,"{'device_price': ['PRICE_4500_MORE', 'PRICE_3500_4500', 'PRICE_2500_3500'], 'app_install_status': ['NOT_INSTALLED'], 'gender': None, 'game_consumption_level': ['HIGH', 'NORMAL'], 'age': [{'min': 20, 'max': 50}], 'network_type': None, 'excluded_converted_audience': {'conversion_behavior_list': ['OPTIMIZATIONGOAL_APP_DOWNLOAD'], 'excluded_dimension': 'EXCLUDED_DIMENSION_APP'}, 'geo_location': {'regions': None, 'location_types': None}, 'intention': {'targeting_tags': None}, 'interest': {'category_id_list': None, 'keyword_list': None}, 'behavior': [{'category_id_list': None, 'intensity': None, 'keyword_list': None, 'scene': None, 'time_window': None}]}",13268,GDT,N1,2
9557,39712,1001447,0,0,False,[],['SITE_SET_MOMENTS'],,1480,"{'override_canvas_head_option': 'OPTION_CREATIVE_OVERRIDE_CANVAS', 'page_id': '2281746105'}",,DOWNLOAD_APP,LINK_PAGE_TYPE_DEFAULT,1552323463,614769,PROMOTED_OBJECT_TYPE_APP_IOS,False,,"{'short_video_struct': {'short_video1': 118727}, 'title': '烧脑闯关小游戏、6分钟一局，轻松过瘾、没WiFi也能玩一天！', 'brand': {'brand_name': 'N1计划——享受战斗乐趣', 'brand_img': 78613}}",OPTIMIZATIONGOAL_APP_ACTIVATE,BID_STRATEGY_TARGET_COST,211058,,,,111111111111111111111111111111111111111111111111111111111111111111111111111111111111111111111111111111111100000000001111111111111111111111111111111111111100000000001111111111111111111111111111111111111111111111111111111111111111111111111111111111111111111111111111111111111111111111111111111111111111111111111111111111111111111111111111,"{'device_price': None, 'app_install_status': None, 'gender': ['MALE'], 'game_consumption_level': None, 'age': [{'min': 20, 'max': 50}], 'network_type': None, 'excluded_converted_audience': {'conversion_behavior_list': None, 'excluded_dimension': None}, 'geo_location': {'regions': None, 'location_types': None}, 'intention': {'targeting_tags': None}, 'interest': {'category_id_list': None, 'keyword_list': None}, 'behavior': [{'category_id_list': None, 'intensity': None, 'keyword_list': None, 'scene': None, 'time_window': None}]}",13268,GDT,N1,2
9557,37791,1001447,0,0,True,['age'],['SITE_SET_MOMENTS'],,721,"{'override_canvas_head_option': 'OPTION_CREATIVE_OVERRIDE_CANVAS', 'page_id': '2281746105'}",,DOWNLOAD_APP,LINK_PAGE_TYPE_DEFAULT,1552323463,614769,PROMOTED_OBJECT_TYPE_APP_IOS,False,,"{'video': 109598, 'title': '误入陷阱，丧尸怪物步步紧逼，逃生全靠智商！', 'brand': {'brand_name': '幸存挑战', 'brand_img': 112395}}",OPTIMIZATIONGOAL_APP_ACTIVATE,BID_STRATEGY_AVERAGE_COST,219325,,,,111111111111111111111111111111111111111111111111111111111111111111111111111111111111111111111111111111111100000000001111111111111111111111111111111111111100000000001111111111111111111111111111111111111111111111111111111111111111111111111111111111111111111111111111111111111111111111111111111111111111111111111111111111111111111111111111,"{'device_price': ['PRICE_4500_MORE', 'PRICE_3500_4500', 'PRICE_2500_3500'], 'app_install_status': None, 'gender': ['MALE'], 'game_consumption_level': None, 'age': [{'min': 20, 'max': 50}], 'network_type': None, 'excluded_converted_audience': {'conversion_behavior_list': None, 'excluded_dimension': None}, 'geo_location': {'regions': None, 'location_types': None}, 'intention': {'targeting_tags': [205]}, 'interest': {'category_id_list': [38, 162, 226], 'keyword_list': None}, 'behavior': [{'category_id_list': [85, 102, 38, 162, 226], 'intensity': ['BEHAVIOR_INTEREST_INTENSITY_ALL'], 'keyword_list': ['豪华跑车', '迈巴赫', '保时捷', '跑车', '法拉利', '豪车', '特斯拉', '汽车资讯', '趣头条', '豪华汽车', '奔驰', '奥迪', '宝马', '沃尔沃', '凯迪拉克', '雷克萨斯', '奥迪a6l', '宝马汽车', '奥迪q5', '车型'], 'scene': ['BEHAVIOR_INTEREST_SCENE_ALL'], 'time_window': 'BEHAVIOR_INTEREST_TIME_WINDOW_SEVEN_DAY'}]}",13268,GDT,N1,2
9557,40104,1001447,0,0,True,[],['SITE_SET_MOMENTS'],,721,"{'override_canvas_head_option': 'OPTION_CREATIVE_OVERRIDE_CANVAS', 'page_id': '2281746105'}",,DOWNLOAD_APP,LINK_PAGE_TYPE_DEFAULT,1552323463,614769,PROMOTED_OBJECT_TYPE_APP_IOS,False,,"{'video': 120462, 'title': '朋友被我带入坑，玩得比我还猛！', 'brand': {'brand_name': 'N1计划', 'brand_img': 78613}}",OPTIMIZATIONGOAL_APP_ACTIVATE,BID_STRATEGY_AVERAGE_COST,216325,,,,111111111111111111111111111111111111111111111111111111111111111111111111111111111111111111111111111111111100000000001111111111111111111111111111111111111100000000001111111111111111111111111111111111111111111111111111111111111111111111111111111111111111111111111111111111111111111111111111111111111111111111111111111111111111111111111111,"{'device_price': None, 'app_install_status': ['NOT_INSTALLED'], 'gender': ['MALE'], 'game_consumption_level': None, 'age': [{'min': 20, 'max': 50}], 'network_type': None, 'excluded_converted_audience': {'conversion_behavior_list': ['OPTIMIZATIONGOAL_APP_DOWNLOAD'], 'excluded_dimension': 'EXCLUDED_DIMENSION_APP'}, 'geo_location': {'regions': None, 'location_types': None}, 'intention': {'targeting_tags': [205]}, 'interest': {'category_id_list': [157, 205], 'keyword_list': None}, 'behavior': [{'category_id_list': [157, 301, 205], 'intensity': ['BEHAVIOR_INTEREST_INTENSITY_ALL'], 'keyword_list': None, 'scene': ['BEHAVIOR_INTEREST_SCENE_ALL'], 'time_window': 'BEHAVIOR_INTEREST_TIME_WINDOW_SEVEN_DAY'}]}",13268,GDT,N1,2
9557,39699,1001447,0,0,True,['age'],['SITE_SET_MOMENTS'],,721,"{'override_canvas_head_option': 'OPTION_CREATIVE_OVERRIDE_CANVAS', 'page_id': '2281746105'}",,DOWNLOAD_GAME,LINK_PAGE_TYPE_DEFAULT,1552323463,614769,PROMOTED_OBJECT_TYPE_APP_IOS,False,,"{'video': 118666, 'title': '策略+闯关，朋友被我带入坑，现在玩的比我还猛~'}",OPTIMIZATIONGOAL_APP_ACTIVATE,BID_STRATEGY_AVERAGE_COST,215749,,,,111111111111111111111111111111111111111111111111111111111111111111111111111111111111111111111111111111111100000000001111111111111111111111111111111111111100000000001111111111111111111111111111111111111111111111111111111111111111111111111111111111111111111111111111111111111111111111111111111111111111111111111111111111111111111111111111,"{'device_price': ['PRICE_4500_MORE', 'PRICE_3500_4500', 'PRICE_2500_3500'], 'app_install_status': ['NOT_INSTALLED'], 'gender': None, 'game_consumption_level': ['HIGH', 'NORMAL'], 'age': [{'min': 20, 'max': 50}], 'network_type': None, 'excluded_converted_audience': {'conversion_behavior_list': ['OPTIMIZATIONGOAL_APP_DOWNLOAD'], 'excluded_dimension': 'EXCLUDED_DIMENSION_APP'}, 'geo_location': {'regions': None, 'location_types': None}, 'intention': {'targeting_tags': None}, 'interest': {'category_id_list': None, 'keyword_list': None}, 'behavior': [{'category_id_list': None, 'intensity': None, 'keyword_list': None, 'scene': None, 'time_window': None}]}",13268,GDT,N1,2
9557,39755,1001447,0,0,True,['age'],['SITE_SET_MOMENTS'],,1480,"{'override_canvas_head_option': 'OPTION_CREATIVE_OVERRIDE_CANVAS', 'page_id': '2281746105'}",,DOWNLOAD_APP,LINK_PAGE_TYPE_DEFAULT,1552323463,614769,PROMOTED_OBJECT_TYPE_APP_IOS,False,,"{'short_video_struct': {'short_video1': 118919}, 'title': '嫂子被我带入坑，现在玩得比我还猛！', 'brand': {'brand_name': 'N1计划', 'brand_img': 78613}}",OPTIMIZATIONGOAL_APP_ACTIVATE,BID_STRATEGY_TARGET_COST,216839,,,,111111111111111111111111111111111111111111111111111111111111111111111111111111111111111111111111111111111100000000001111111111111111111111111111111111111100000000001111111111111111111111111111111111111111111111111111111111111111111111111111111111111111111111111111111111111111111111111111111111111111111111111111111111111111111111111111,"{'device_price': ['PRICE_4500_MORE', 'PRICE_3500_4500', 'PRICE_2500_3500'], 'app_install_status': ['NOT_INSTALLED'], 'gender': ['MALE'], 'game_consumption_level': None, 'age': [{'min': 20, 'max': 50}], 'network_type': None, 'excluded_converted_audience': {'conversion_behavior_list': ['OPTIMIZATIONGOAL_APP_ACTIVATE'], 'excluded_dimension': 'EXCLUDED_DIMENSION_APP'}, 'geo_location': {'regions': None, 'location_types': None}, 'intention': {'targeting_tags': [205]}, 'interest': {'category_id_list': [301, 205], 'keyword_list': None}, 'behavior': [{'category_id_list': [51, 203, 38, 631, 632], 'intensity': ['BEHAVIOR_INTEREST_INTENSITY_ALL'], 'keyword_list': None, 'scene': ['BEHAVIOR_INTEREST_SCENE_ALL'], 'time_window': 'BEHAVIOR_INTEREST_TIME_WINDOW_SEVEN_DAY'}]}",13268,GDT,N1,2
9557,36075,1001447,0,0,True,[],['SITE_SET_MOMENTS'],,1480,"{'override_canvas_head_option': 'OPTION_CREATIVE_OVERRIDE_CANVAS', 'page_id': '2281746105'}",,DOWNLOAD_GAME,LINK_PAGE_TYPE_DEFAULT,1552323463,614769,PROMOTED_OBJECT_TYPE_APP_IOS,False,,"{'short_video_struct': {'short_video1': 101975}, 'title': '闯关+逃生，没WiFi也能玩一天，试试你能过几关？[勾引][勾引][勾引]', 'brand': {'brand_name': 'N1计划', 'brand_img': 102585}}",OPTIMIZATIONGOAL_APP_ACTIVATE,BID_STRATEGY_AVERAGE_COST,211012,,,,111111111111111111111111111111111111111111111111111111111111111111111111111111111111111111111111111111111100000000001111111111111111111111111111111111111100000000001111111111111111111111111111111111111111111111111111111111111111111111111111111111111111111111111111111111111111111111111111111111111111111111111111111111111111111111111111,"{'device_price': ['PRICE_2500_3500', 'PRICE_3500_4500', 'PRICE_4500_MORE'], 'app_install_status': ['NOT_INSTALLED'], 'gender': ['MALE'], 'game_consumption_level': None, 'age': [{'min': 20, 'max': 50}], 'network_type': None, 'excluded_converted_audience': {'conversion_behavior_list': ['OPTIMIZATIONGOAL_APP_ACTIVATE'], 'excluded_dimension': 'EXCLUDED_DIMENSION_APP'}, 'geo_location': {'regions': None, 'location_types': None}, 'intention': {'targeting_tags': [205]}, 'interest': {'category_id_list': [301, 205], 'keyword_list': None}, 'behavior': [{'category_id_list': [51, 85, 102, 203, 38, 631, 632], 'intensity': ['BEHAVIOR_INTEREST_INTENSITY_ALL'], 'keyword_list': ['保时捷', '凯迪拉克', '奔驰', '奥迪', '宝马', '本田', '沃尔沃', '法拉利', '豪车', '跑车', '迈巴赫'], 'scene': ['BEHAVIOR_INTEREST_SCENE_ALL'], 'time_window': 'BEHAVIOR_INTEREST_TIME_WINDOW_SEVEN_DAY'}]}",13268,GDT,N1,2
9558,40104,1001447,0,0,True,['age'],['SITE_SET_MOMENTS'],,721,"{'override_canvas_head_option': 'OPTION_CREATIVE_OVERRIDE_CANVAS', 'page_id': '2281746105'}",,DOWNLOAD_APP,LINK_PAGE_TYPE_DEFAULT,1552323463,614780,PROMOTED_OBJECT_TYPE_APP_IOS,False,,"{'video': 120462, 'title': '朋友被我带入坑，玩得比我还猛！', 'brand': {'brand_name': 'N1计划', 'brand_img': 78613}}",OPTIMIZATIONGOAL_APP_PURCHASE,BID_STRATEGY_AVERAGE_COST,16415,DEEP_CONVERSION_WORTH,,"{'goal': 'GOAL_1DAY_PURCHASE_ROAS', 'expected_roi': 0.016}",111111111111111111111111111111111111111111111111111111111111111111111111111111111111111111111111111111111100000000001111111111111111111111111111111111111100000000001111111111111111111111111111111111111111111111111111111111111111111111111111111111111111111111111111111111111111111111111111111111111111111111111111111111111111111111111111,"{'device_price': ['PRICE_2500_3500', 'PRICE_3500_4500', 'PRICE_4500_MORE'], 'app_install_status': ['NOT_INSTALLED'], 'gender': ['MALE'], 'game_consumption_level': None, 'age': [{'min': 20, 'max': 50}], 'network_type': None, 'excluded_converted_audience': {'conversion_behavior_list': ['OPTIMIZATIONGOAL_APP_ACTIVATE'], 'excluded_dimension': 'EXCLUDED_DIMENSION_APP'}, 'geo_location': {'regions': None, 'location_types': None}, 'intention': {'targeting_tags': [205]}, 'interest': {'category_id_list': [301, 205], 'keyword_list': None}, 'behavior': [{'category_id_list': [51, 85, 102, 203, 38, 631, 632], 'intensity': ['BEHAVIOR_INTEREST_INTENSITY_ALL'], 'keyword_list': ['保时捷', '凯迪拉克', '奔驰', '奥迪', '宝马', '本田', '沃尔沃', '法拉利', '豪车', '跑车', '迈巴赫'], 'scene': ['BEHAVIOR_INTEREST_SCENE_ALL'], 'time_window': 'BEHAVIOR_INTEREST_TIME_WINDOW_SEVEN_DAY'}]}",13268,GDT,N1,2
9558,36767,1001447,0,0,True,['age'],['SITE_SET_MOMENTS'],,1480,"{'override_canvas_head_option': 'OPTION_CREATIVE_OVERRIDE_CANVAS', 'page_id': '2281746105'}",,DOWNLOAD_GAME,LINK_PAGE_TYPE_DEFAULT,1552323463,614780,PROMOTED_OBJECT_TYPE_APP_IOS,False,,"{'short_video_struct': {'short_video1': 104464}, 'title': '闯关+逃生，没WiFi也能玩一天，试试你能过几关？'}",OPTIMIZATIONGOAL_APP_ACTIVATE,BID_STRATEGY_AVERAGE_COST,16586,DEEP_CONVERSION_WORTH,,"{'goal': 'GOAL_1DAY_PURCHASE_ROAS', 'expected_roi': 0.016}",111111111111111111111111111111111111111111111111111111111111111111111111111111111111111111111111111111111100000000001111111111111111111111111111111111111100000000001111111111111111111111111111111111111111111111111111111111111111111111111111111111111111111111111111111111111111111111111111111111111111111111111111111111111111111111111111,"{'device_price': None, 'app_install_status': None, 'gender': ['MALE'], 'game_consumption_level': None, 'age': [{'min': 20, 'max': 50}], 'network_type': None, 'excluded_converted_audience': {'conversion_behavior_list': None, 'excluded_dimension': None}, 'geo_location': {'regions': None, 'location_types': None}, 'intention': {'targeting_tags': [205]}, 'interest': {'category_id_list': [102, 38, 220, 162, 226], 'keyword_list': ['豪华跑车', '迈巴赫', '保时捷', '跑车', '法拉利', '豪车', '特斯拉', '汽车资讯', '趣头条', '豪华汽车', '奔驰', '奥迪', '宝马', '沃尔沃', '凯迪拉克', '雷克萨斯', '奥迪a6l', '宝马汽车', '奥迪q5', '车型']}, 'behavior': [{'category_id_list': [38, 162, 226], 'intensity': ['BEHAVIOR_INTEREST_INTENSITY_ALL'], 'keyword_list': None, 'scene': ['BEHAVIOR_INTEREST_SCENE_ALL'], 'time_window': 'BEHAVIOR_INTEREST_TIME_WINDOW_SEVEN_DAY'}]}",13268,GDT,N1,2
9558,38593,1001447,0,0,False,[],['SITE_SET_MOMENTS'],,1480,"{'override_canvas_head_option': 'OPTION_CREATIVE_OVERRIDE_CANVAS', 'page_id': '2281746105'}",,DOWNLOAD_APP,LINK_PAGE_TYPE_DEFAULT,1552323463,614780,PROMOTED_OBJECT_TYPE_APP_IOS,False,,"{'short_video_struct': {'short_video1': 113755}, 'title': '闯关+逃生，没WiFi也能玩一天，试试你能过几关？', 'brand': {'brand_name': 'N1计划-享受战斗乐趣', 'brand_img': 78613}}",OPTIMIZATIONGOAL_APP_ACTIVATE,BID_STRATEGY_TARGET_COST,16673,DEEP_CONVERSION_WORTH,,"{'goal': 'GOAL_1DAY_PURCHASE_ROAS', 'expected_roi': 0.016}",111111111111111111111111111111111111111111111111111111111111111111111111111111111111111111111111111111111100000000001111111111111111111111111111111111111100000000001111111111111111111111111111111111111111111111111111111111111111111111111111111111111111111111111111111111111111111111111111111111111111111111111111111111111111111111111111,"{'device_price': None, 'app_install_status': None, 'gender': None, 'game_consumption_level': None, 'age': [{'min': 20, 'max': 50}], 'network_type': None, 'excluded_converted_audience': {'conversion_behavior_list': None, 'excluded_dimension': None}, 'geo_location': {'regions': None, 'location_types': None}, 'intention': {'targeting_tags': None}, 'interest': {'category_id_list': None, 'keyword_list': None}, 'behavior': [{'category_id_list': None, 'intensity': None, 'keyword_list': None, 'scene': None, 'time_window': None}]}",13268,GDT,N1,2
9558,39699,1001447,0,0,True,['age'],['SITE_SET_MOMENTS'],,721,"{'override_canvas_head_option': 'OPTION_CREATIVE_OVERRIDE_CANVAS', 'page_id': '2281746105'}",,DOWNLOAD_GAME,LINK_PAGE_TYPE_DEFAULT,1552323463,614780,PROMOTED_OBJECT_TYPE_APP_IOS,False,,"{'video': 118666, 'title': '策略+闯关，朋友被我带入坑，现在玩的比我还猛~'}",OPTIMIZATIONGOAL_APP_ACTIVATE,BID_STRATEGY_AVERAGE_COST,16412,DEEP_CONVERSION_WORTH,,"{'goal': 'GOAL_1DAY_PURCHASE_ROAS', 'expected_roi': 0.016}",111111111111111111111111111111111111111111111111111111111111111111111111111111111111111111111111111111111100000000001111111111111111111111111111111111111100000000001111111111111111111111111111111111111111111111111111111111111111111111111111111111111111111111111111111111111111111111111111111111111111111111111111111111111111111111111111,"{'device_price': ['PRICE_4500_MORE', 'PRICE_3500_4500', 'PRICE_2500_3500'], 'app_install_status': ['NOT_INSTALLED'], 'gender': ['MALE'], 'game_consumption_level': None, 'age': [{'min': 20, 'max': 50}], 'network_type': None, 'excluded_converted_audience': {'conversion_behavior_list': ['OPTIMIZATIONGOAL_APP_ACTIVATE'], 'excluded_dimension': 'EXCLUDED_DIMENSION_APP'}, 'geo_location': {'regions': None, 'location_types': None}, 'intention': {'targeting_tags': None}, 'interest': {'category_id_list': None, 'keyword_list': None}, 'behavior': [{'category_id_list': None, 'intensity': None, 'keyword_list': None, 'scene': None, 'time_window': None}]}",13268,GDT,N1,2
9558,38489,1001447,0,0,False,[],['SITE_SET_MOMENTS'],,1480,"{'override_canvas_head_option': 'OPTION_CREATIVE_OVERRIDE_CANVAS', 'page_id': '2281746105'}",,DOWNLOAD_GAME,LINK_PAGE_TYPE_DEFAULT,1552323463,614780,PROMOTED_OBJECT_TYPE_APP_IOS,False,,"{'short_video_struct': {'short_video1': 113189}, 'brand': {'brand_name': 'N1计划', 'brand_img': 71750}, 'title': '闯关+逃生，没WiFi也能玩一天，试试你能过几关？[勾引][勾引][勾引]'}",OPTIMIZATIONGOAL_APP_ACTIVATE,BID_STRATEGY_AVERAGE_COST,16664,DEEP_CONVERSION_WORTH,,"{'goal': 'GOAL_1DAY_PURCHASE_ROAS', 'expected_roi': 0.016}",111111111111111111111111111111111111111111111111111111111111111111111111111111111111111111111111111111111100000000001111111111111111111111111111111111111100000000001111111111111111111111111111111111111111111111111111111111111111111111111111111111111111111111111111111111111111111111111111111111111111111111111111111111111111111111111111,"{'device_price': None, 'app_install_status': ['NOT_INSTALLED'], 'gender': ['MALE'], 'game_consumption_level': ['HIGH', 'NORMAL'], 'age': [{'min': 20, 'max': 50}], 'network_type': None, 'excluded_converted_audience': {'conversion_behavior_list': ['OPTIMIZATIONGOAL_APP_ACTIVATE'], 'excluded_dimension': 'EXCLUDED_DIMENSION_APP'}, 'geo_location': {'regions': None, 'location_types': None}, 'intention': {'targeting_tags': None}, 'interest': {'category_id_list': None, 'keyword_list': None}, 'behavior': [{'category_id_list': None, 'intensity': None, 'keyword_list': None, 'scene': None, 'time_window': None}]}",13268,GDT,N1,2
9558,33066,1001447,0,0,False,[],['SITE_SET_MOMENTS'],,1480,"{'override_canvas_head_option': 'OPTION_CREATIVE_OVERRIDE_CANVAS', 'page_id': '2281746105'}",,DOWNLOAD_GAME,LINK_PAGE_TYPE_DEFAULT,1552323463,614780,PROMOTED_OBJECT_TYPE_APP_IOS,False,,"{'short_video_struct': {'short_video1': 88233}, 'title': '闯关+逃生，没WiFi也能玩一天，试试你能过几关？'}",OPTIMIZATIONGOAL_APP_ACTIVATE,BID_STRATEGY_AVERAGE_COST,16750,DEEP_CONVERSION_WORTH,,"{'goal': 'GOAL_1DAY_PURCHASE_ROAS', 'expected_roi': 0.016}",111111111111111111111111111111111111111111111111111111111111111111111111111111111111111111111111111111111100000000001111111111111111111111111111111111111100000000001111111111111111111111111111111111111111111111111111111111111111111111111111111111111111111111111111111111111111111111111111111111111111111111111111111111111111111111111111,"{'device_price': None, 'app_install_status': None, 'gender': None, 'game_consumption_level': ['HIGH', 'NORMAL'], 'age': [{'min': 20, 'max': 50}], 'network_type': None, 'excluded_converted_audience': {'conversion_behavior_list': None, 'excluded_dimension': None}, 'geo_location': {'regions': None, 'location_types': None}, 'intention': {'targeting_tags': None}, 'interest': {'category_id_list': None, 'keyword_list': None}, 'behavior': [{'category_id_list': None, 'intensity': None, 'keyword_list': None, 'scene': None, 'time_window': None}]}",13268,GDT,N1,2
9558,39004,1001447,0,0,True,['age'],['SITE_SET_MOMENTS'],,1480,"{'override_canvas_head_option': 'OPTION_CREATIVE_OVERRIDE_CANVAS', 'page_id': '2281746105'}",,DOWNLOAD_APP,LINK_PAGE_TYPE_DEFAULT,1552323463,614780,PROMOTED_OBJECT_TYPE_APP_IOS,False,,"{'short_video_struct': {'short_video1': 115510}, 'title': '嫂子被我带入坑，现在玩得比我还猛！', 'brand': {'brand_name': 'N1计划', 'brand_img': 78613}}",OPTIMIZATIONGOAL_APP_ACTIVATE,BID_STRATEGY_AVERAGE_COST,16253,DEEP_CONVERSION_WORTH,,"{'goal': 'GOAL_1DAY_PURCHASE_ROAS', 'expected_roi': 0.016}",111111111111111111111111111111111111111111111111111111111111111111111111111111111111111111111111111111111100000000001111111111111111111111111111111111111100000000001111111111111111111111111111111111111111111111111111111111111111111111111111111111111111111111111111111111111111111111111111111111111111111111111111111111111111111111111111,"{'device_price': ['PRICE_4500_MORE', 'PRICE_3500_4500', 'PRICE_2500_3500'], 'app_install_status': ['NOT_INSTALLED'], 'gender': None, 'game_consumption_level': ['HIGH', 'NORMAL'], 'age': [{'min': 20, 'max': 50}], 'network_type': None, 'excluded_converted_audience': {'conversion_behavior_list': ['OPTIMIZATIONGOAL_APP_DOWNLOAD'], 'excluded_dimension': 'EXCLUDED_DIMENSION_APP'}, 'geo_location': {'regions': None, 'location_types': None}, 'intention': {'targeting_tags': None}, 'interest': {'category_id_list': None, 'keyword_list': None}, 'behavior': [{'category_id_list': None, 'intensity': None, 'keyword_list': None, 'scene': None, 'time_window': None}]}",13268,GDT,N1,2
9558,38823,1001447,0,0,True,['age'],['SITE_SET_MOMENTS'],,721,"{'override_canvas_head_option': 'OPTION_CREATIVE_OVERRIDE_CANVAS', 'page_id': '2281746105'}",,DOWNLOAD_GAME,LINK_PAGE_TYPE_DEFAULT,1552323463,614780,PROMOTED_OBJECT_TYPE_APP_IOS,False,,"{'video': 114677, 'title': '智商149卡在了39关，这款游戏太烧脑，你能过几关？'}",OPTIMIZATIONGOAL_APP_ACTIVATE,BID_STRATEGY_TARGET_COST,16994,DEEP_CONVERSION_WORTH,,"{'goal': 'GOAL_1DAY_PURCHASE_ROAS', 'expected_roi': 0.016}",111111111111111111111111111111111111111111111111111111111111111111111111111111111111111111111111111111111100000000001111111111111111111111111111111111111100000000001111111111111111111111111111111111111111111111111111111111111111111111111111111111111111111111111111111111111111111111111111111111111111111111111111111111111111111111111111,"{'device_price': ['PRICE_2500_3500', 'PRICE_3500_4500', 'PRICE_4500_MORE'], 'app_install_status': ['NOT_INSTALLED'], 'gender': ['MALE'], 'game_consumption_level': None, 'age': [{'min': 20, 'max': 50}], 'network_type': None, 'excluded_converted_audience': {'conversion_behavior_list': ['OPTIMIZATIONGOAL_APP_ACTIVATE'], 'excluded_dimension': 'EXCLUDED_DIMENSION_APP'}, 'geo_location': {'regions': None, 'location_types': None}, 'intention': {'targeting_tags': [205]}, 'interest': {'category_id_list': [301, 205], 'keyword_list': None}, 'behavior': [{'category_id_list': [51, 85, 102, 203, 38, 631, 632], 'intensity': ['BEHAVIOR_INTEREST_INTENSITY_ALL'], 'keyword_list': ['保时捷', '凯迪拉克', '奔驰', '奥迪', '宝马', '本田', '沃尔沃', '法拉利', '豪车', '跑车', '迈巴赫'], 'scene': ['BEHAVIOR_INTEREST_SCENE_ALL'], 'time_window': 'BEHAVIOR_INTEREST_TIME_WINDOW_SEVEN_DAY'}]}",13268,GDT,N1,2
9559,40208,1001447,0,0,True,['age'],"['SITE_SET_QQ_MUSIC_GAME', 'SITE_SET_KANDIAN', 'SITE_SET_TENCENT_NEWS', 'SITE_SET_TENCENT_VIDEO']",,721,,,,,1552323463,,PROMOTED_OBJECT_TYPE_APP_IOS,False,[],"{'image': 121098, 'description': '超魔性策略小游戏，试试你能闯几关', 'video': 121098, 'button_text': '立即下载', 'title': '无限游戏，没有WiFi也能玩一天', 'brand': {'brand_name': 'N1计划', 'brand_img': 78613}}",OPTIMIZATIONGOAL_APP_PURCHASE,BID_STRATEGY_AVERAGE_COST,16870,DEEP_CONVERSION_WORTH,,"{'goal': 'GOAL_1DAY_PURCHASE_ROAS', 'expected_roi': 0.016}",111111111111111111111111111111111111111111111111111111111111111111111111111111111111111111111111111111111100000000001111111111111111111111111111111111111100000000001111111111111111111111111111111111111111111111111111111111111111111111111111111111111111111111111111111111111111111111111111111111111111111111111111111111111111111111111111,"{'device_price': ['PRICE_2500_3500', 'PRICE_3500_4500', 'PRICE_4500_MORE'], 'app_install_status': ['NOT_INSTALLED'], 'gender': None, 'game_consumption_level': None, 'age': [{'min': 20, 'max': 50}], 'network_type': None, 'excluded_converted_audience': {'conversion_behavior_list': ['OPTIMIZATIONGOAL_APP_ACTIVATE'], 'excluded_dimension': 'EXCLUDED_DIMENSION_APP'}, 'geo_location': {'regions': None, 'location_types': None}, 'intention': {'targeting_tags': [205]}, 'interest': {'category_id_list': [301, 205, 16], 'keyword_list': None}, 'behavior': [{'category_id_list': [51, 85, 102, 809, 524, 812, 813, 817, 818, 827, 301, 38, 631, 632, 164], 'intensity': ['BEHAVIOR_INTEREST_INTENSITY_ALL'], 'keyword_list': ['乘坐飞机', '保时捷', '凯迪拉克', '别墅', '大型飞机', '奔驰', '奥迪', '奥迪a6l', '奥迪q5', '宝马', '宝马汽车', '富豪', '度假', '无人飞机', '沃尔沃', '法拉利', '温泉', '港口', '特斯拉', '碧桂园', '豪华汽车', '豪华跑车', '豪车', '跑车', '车辆出口', '迈巴赫', '运输船', '远洋捕捞', '雷克萨斯', '飞行', '驾驶飞机'], 'scene': ['BEHAVIOR_INTEREST_SCENE_ALL'], 'time_window': 'BEHAVIOR_INTEREST_TIME_WINDOW_SEVEN_DAY'}]}",13268,GDT,N1,2
9559,39302,1001447,0,0,False,[],"['SITE_SET_QQ_MUSIC_GAME', 'SITE_SET_KANDIAN', 'SITE_SET_TENCENT_NEWS', 'SITE_SET_TENCENT_VIDEO']",,720,,,,,1552323463,,PROMOTED_OBJECT_TYPE_APP_IOS,False,[],"{'image': 116859, 'description': '超魔性策略小游戏，试试你能闯几关', 'video': 116859, 'button_text': '立即下载', 'title': '无限游戏，休闲好玩又刺激', 'brand': {'brand_name': 'N1计划', 'brand_img': 78613}}",OPTIMIZATIONGOAL_APP_ACTIVATE,BID_STRATEGY_AVERAGE_COST,16008,DEEP_CONVERSION_WORTH,,"{'goal': 'GOAL_1DAY_PURCHASE_ROAS', 'expected_roi': 0.016}",111111111111111111111111111111111111111111111111111111111111111111111111111111111111111111111111111111111100000000001111111111111111111111111111111111111100000000001111111111111111111111111111111111111111111111111111111111111111111111111111111111111111111111111111111111111111111111111111111111111111111111111111111111111111111111111111,"{'device_price': None, 'app_install_status': ['NOT_INSTALLED'], 'gender': None, 'game_consumption_level': ['HIGH', 'NORMAL'], 'age': [{'min': 20, 'max': 50}], 'network_type': None, 'excluded_converted_audience': {'conversion_behavior_list': ['OPTIMIZATIONGOAL_APP_DOWNLOAD'], 'excluded_dimension': 'EXCLUDED_DIMENSION_APP'}, 'geo_location': {'regions': None, 'location_types': None}, 'intention': {'targeting_tags': None}, 'interest': {'category_id_list': None, 'keyword_list': None}, 'behavior': [{'category_id_list': None, 'intensity': None, 'keyword_list': None, 'scene': None, 'time_window': None}]}",13268,GDT,N1,2
9559,38396,1001447,0,0,False,[],"['SITE_SET_QQ_MUSIC_GAME', 'SITE_SET_KANDIAN', 'SITE_SET_TENCENT_NEWS', 'SITE_SET_TENCENT_VIDEO']",,720,,,,,1552323463,,PROMOTED_OBJECT_TYPE_APP_IOS,False,[],"{'image': 113497, 'description': '超魔性策略小游戏，试试你能闯几关', 'video': 113497, 'button_text': '立即下载', 'title': '无限游戏，休闲好玩又过瘾', 'brand': {'brand_name': 'N1计划', 'brand_img': 78613}}",OPTIMIZATIONGOAL_APP_ACTIVATE,BID_STRATEGY_AVERAGE_COST,16753,DEEP_CONVERSION_WORTH,,"{'goal': 'GOAL_1DAY_PURCHASE_ROAS', 'expected_roi': 0.016}",111111111111111111111111111111111111111111111111111111111111111111111111111111111111111111111111111111111100000000001111111111111111111111111111111111111100000000001111111111111111111111111111111111111111111111111111111111111111111111111111111111111111111111111111111111111111111111111111111111111111111111111111111111111111111111111111,"{'device_price': None, 'app_install_status': None, 'gender': ['MALE'], 'game_consumption_level': ['HIGH', 'NORMAL'], 'age': [{'min': 20, 'max': 50}], 'network_type': None, 'excluded_converted_audience': {'conversion_behavior_list': ['OPTIMIZATIONGOAL_APP_ACTIVATE'], 'excluded_dimension': 'EXCLUDED_DIMENSION_APP'}, 'geo_location': {'regions': None, 'location_types': None}, 'intention': {'targeting_tags': None}, 'interest': {'category_id_list': None, 'keyword_list': None}, 'behavior': [{'category_id_list': None, 'intensity': None, 'keyword_list': None, 'scene': None, 'time_window': None}]}",13268,GDT,N1,2
9559,40184,1001447,0,0,True,['age'],"['SITE_SET_QQ_MUSIC_GAME', 'SITE_SET_KANDIAN', 'SITE_SET_TENCENT_NEWS', 'SITE_SET_TENCENT_VIDEO']",,720,,,,,1552323463,,PROMOTED_OBJECT_TYPE_APP_IOS,False,"['丧失', '末日', '绝地末日', '闯关', '策略']","{'image': 120916, 'description': '只需1根手指，没WiFi也能玩一天！', 'video': 120916, 'button_text': '立即试玩', 'title': '休闲又解压，玩一天都不腻', 'brand': {'brand_name': '黎明血战', 'brand_img': 120069}}",OPTIMIZATIONGOAL_APP_ACTIVATE,BID_STRATEGY_AVERAGE_COST,16241,DEEP_CONVERSION_WORTH,,"{'goal': 'GOAL_1DAY_PURCHASE_ROAS', 'expected_roi': 0.016}",111111111111111111111111111111111111111111111111111111111111111111111111111111111111111111111111111111111100000000001111111111111111111111111111111111111100000000001111111111111111111111111111111111111111111111111111111111111111111111111111111111111111111111111111111111111111111111111111111111111111111111111111111111111111111111111111,"{'device_price': None, 'app_install_status': ['NOT_INSTALLED'], 'gender': ['MALE'], 'game_consumption_level': ['HIGH', 'NORMAL'], 'age': [{'min': 20, 'max': 50}], 'network_type': None, 'excluded_converted_audience': {'conversion_behavior_list': ['OPTIMIZATIONGOAL_APP_ACTIVATE'], 'excluded_dimension': 'EXCLUDED_DIMENSION_APP'}, 'geo_location': {'regions': None, 'location_types': None}, 'intention': {'targeting_tags': [205]}, 'interest': {'category_id_list': [205], 'keyword_list': None}, 'behavior': [{'category_id_list': [1086, 51, 85, 102, 809, 1657, 818, 827, 38, 631, 632], 'intensity': ['BEHAVIOR_INTEREST_INTENSITY_ALL'], 'keyword_list': None, 'scene': ['BEHAVIOR_INTEREST_SCENE_ALL'], 'time_window': 'BEHAVIOR_INTEREST_TIME_WINDOW_SEVEN_DAY'}]}",13268,GDT,N1,2
9559,38993,1001447,0,0,True,['age'],"['SITE_SET_QQ_MUSIC_GAME', 'SITE_SET_KANDIAN', 'SITE_SET_TENCENT_NEWS', 'SITE_SET_TENCENT_VIDEO']",,720,,,,,1552323463,,PROMOTED_OBJECT_TYPE_APP_IOS,False,"['末日', '末世', '丧尸', '幸存', '美女', '长腿', '小姨子', '女忧', '豪车', '科技', '5G', '科普', '历史', '玄幻', '翻修', '游戏', '手游', '生化', '美胸', 'SM']","{'image': 115444, 'description': '智商149卡在了39关，这款游戏太烧脑，你能过几关？', 'video': 115444, 'button_text': '立即下载', 'title': '无限小游戏，休闲解压又过瘾', 'brand': {'brand_name': 'n1计划', 'brand_img': 78613}}",OPTIMIZATIONGOAL_APP_ACTIVATE,BID_STRATEGY_AVERAGE_COST,16921,DEEP_CONVERSION_WORTH,,"{'goal': 'GOAL_1DAY_PURCHASE_ROAS', 'expected_roi': 0.016}",111111111111111111111111111111111111111111111111111111111111111111111111111111111111111111111111111111111100000000001111111111111111111111111111111111111100000000001111111111111111111111111111111111111111111111111111111111111111111111111111111111111111111111111111111111111111111111111111111111111111111111111111111111111111111111111111,"{'device_price': ['PRICE_2500_3500', 'PRICE_3500_4500', 'PRICE_4500_MORE'], 'app_install_status': ['NOT_INSTALLED'], 'gender': None, 'game_consumption_level': None, 'age': [{'min': 20, 'max': 50}], 'network_type': None, 'excluded_converted_audience': {'conversion_behavior_list': ['OPTIMIZATIONGOAL_APP_ACTIVATE'], 'excluded_dimension': 'EXCLUDED_DIMENSION_APP'}, 'geo_location': {'regions': None, 'location_types': None}, 'intention': {'targeting_tags': [205]}, 'interest': {'category_id_list': [301, 205, 16], 'keyword_list': None}, 'behavior': [{'category_id_list': [14, 51, 85, 102, 809, 817, 818, 827, 301, 38, 631, 632], 'intensity': ['BEHAVIOR_INTEREST_INTENSITY_ALL'], 'keyword_list': ['乘坐飞机', '保时捷', '养车', '凯迪拉克', '别墅', '大型飞机', '奔驰', '奥迪', '奥迪a6l', '奥迪q5', '宝马', '宝马汽车', '富豪', '度假', '散装货船', '无人飞机', '沃尔沃', '法拉利', '洗车', '温泉', '港口', '特斯拉', '碧桂园', '航空客机', '航空飞行器', '豪华汽车', '豪华跑车', '豪宅', '豪车', '跑车', '车辆出口', '迈巴赫', '运输船', '远洋捕捞', '雷克萨斯', '飞机飞行', '飞行器'], 'scene': ['BEHAVIOR_INTEREST_SCENE_ALL'], 'time_window': 'BEHAVIOR_INTEREST_TIME_WINDOW_SEVEN_DAY'}]}",13268,GDT,N1,2
9559,37791,1001447,0,0,True,['age'],"['SITE_SET_QQ_MUSIC_GAME', 'SITE_SET_KANDIAN', 'SITE_SET_TENCENT_NEWS', 'SITE_SET_TENCENT_VIDEO']",,720,,,,,1552323463,,PROMOTED_OBJECT_TYPE_APP_IOS,False,[],"{'image': 109556, 'description': '智商149卡在了39关，这款游戏太烧脑，你能过几关？', 'video': 109556, 'button_text': '下载游戏', 'title': '无限关卡，好玩又刺激', 'brand': {'brand_name': '幸存挑战', 'brand_img': 112395}}",OPTIMIZATIONGOAL_APP_ACTIVATE,BID_STRATEGY_AVERAGE_COST,16950,DEEP_CONVERSION_WORTH,,"{'goal': 'GOAL_1DAY_PURCHASE_ROAS', 'expected_roi': 0.016}",111111111111111111111111111111111111111111111111111111111111111111111111111111111111111111111111111111111100000000001111111111111111111111111111111111111100000000001111111111111111111111111111111111111111111111111111111111111111111111111111111111111111111111111111111111111111111111111111111111111111111111111111111111111111111111111111,"{'device_price': None, 'app_install_status': ['NOT_INSTALLED'], 'gender': ['MALE'], 'game_consumption_level': None, 'age': [{'min': 20, 'max': 50}], 'network_type': None, 'excluded_converted_audience': {'conversion_behavior_list': ['OPTIMIZATIONGOAL_APP_ACTIVATE'], 'excluded_dimension': 'EXCLUDED_DIMENSION_APP'}, 'geo_location': {'regions': None, 'location_types': None}, 'intention': {'targeting_tags': None}, 'interest': {'category_id_list': None, 'keyword_list': None}, 'behavior': [{'category_id_list': None, 'intensity': None, 'keyword_list': None, 'scene': None, 'time_window': None}]}",13268,GDT,N1,2
9559,38835,1001447,0,0,True,['age'],"['SITE_SET_QQ_MUSIC_GAME', 'SITE_SET_KANDIAN', 'SITE_SET_TENCENT_NEWS', 'SITE_SET_TENCENT_VIDEO']",,720,,,,,1552323463,,PROMOTED_OBJECT_TYPE_APP_IOS,False,[],"{'image': 114736, 'description': '智商149卡在了39关，这款游戏太烧脑，你能过几关？', 'video': 114736, 'button_text': '下载游戏', 'title': '休闲好玩又刺激', 'brand': {'brand_name': 'N1计划', 'brand_img': 78613}}",OPTIMIZATIONGOAL_APP_ACTIVATE,BID_STRATEGY_AVERAGE_COST,16268,DEEP_CONVERSION_WORTH,,"{'goal': 'GOAL_1DAY_PURCHASE_ROAS', 'expected_roi': 0.016}",111111111111111111111111111111111111111111111111111111111111111111111111111111111111111111111111111111111100000000001111111111111111111111111111111111111100000000001111111111111111111111111111111111111111111111111111111111111111111111111111111111111111111111111111111111111111111111111111111111111111111111111111111111111111111111111111,"{'device_price': None, 'app_install_status': None, 'gender': None, 'game_consumption_level': ['HIGH', 'NORMAL'], 'age': [{'min': 20, 'max': 50}], 'network_type': None, 'excluded_converted_audience': {'conversion_behavior_list': None, 'excluded_dimension': None}, 'geo_location': {'regions': None, 'location_types': None}, 'intention': {'targeting_tags': None}, 'interest': {'category_id_list': None, 'keyword_list': None}, 'behavior': [{'category_id_list': None, 'intensity': None, 'keyword_list': None, 'scene': None, 'time_window': None}]}",13268,GDT,N1,2
9559,39907,1001447,0,0,False,[],"['SITE_SET_QQ_MUSIC_GAME', 'SITE_SET_KANDIAN', 'SITE_SET_TENCENT_NEWS', 'SITE_SET_TENCENT_VIDEO']",,720,,,,,1552323463,,PROMOTED_OBJECT_TYPE_APP_IOS,False,[],"{'image': 119489, 'description': '闯关+逃生，没WiFi也能玩一天，试试你能过几关？', 'video': 119489, 'button_text': '下载游戏', 'title': '无限关卡，好玩又刺激', 'brand': {'brand_name': 'N1计划', 'brand_img': 78613}}",OPTIMIZATIONGOAL_APP_ACTIVATE,BID_STRATEGY_TARGET_COST,16036,DEEP_CONVERSION_WORTH,,"{'goal': 'GOAL_1DAY_PURCHASE_ROAS', 'expected_roi': 0.016}",111111111111111111111111111111111111111111111111111111111111111111111111111111111111111111111111111111111100000000001111111111111111111111111111111111111100000000001111111111111111111111111111111111111111111111111111111111111111111111111111111111111111111111111111111111111111111111111111111111111111111111111111111111111111111111111111,"{'device_price': None, 'app_install_status': ['NOT_INSTALLED'], 'gender': ['MALE'], 'game_consumption_level': None, 'age': [{'min': 20, 'max': 50}], 'network_type': None, 'excluded_converted_audience': {'conversion_behavior_list': None, 'excluded_dimension': None}, 'geo_location': {'regions': None, 'location_types': None}, 'intention': {'targeting_tags': None}, 'interest': {'category_id_list': None, 'keyword_list': None}, 'behavior': [{'category_id_list': None, 'intensity': None, 'keyword_list': None, 'scene': None, 'time_window': None}]}",13268,GDT,N1,2
9560,40208,1001447,0,0,True,['age'],"['SITE_SET_QQ_MUSIC_GAME', 'SITE_SET_KANDIAN', 'SITE_SET_TENCENT_NEWS', 'SITE_SET_TENCENT_VIDEO']",,721,,,,,1552323463,,PROMOTED_OBJECT_TYPE_APP_IOS,False,[],"{'image': 121098, 'description': '超魔性策略小游戏，试试你能闯几关', 'video': 121098, 'button_text': '立即下载', 'title': '无限游戏，没有WiFi也能玩一天', 'brand': {'brand_name': 'N1计划', 'brand_img': 78613}}",OPTIMIZATIONGOAL_APP_PURCHASE,BID_STRATEGY_AVERAGE_COST,16366,DEEP_CONVERSION_WORTH,,"{'goal': 'GOAL_1DAY_PURCHASE_ROAS', 'expected_roi': 0.016}",111111111111111111111111111111111111111111111111111111111111111111111111111111111111111111111111111111111100000000001111111111111111111111111111111111111100000000001111111111111111111111111111111111111111111111111111111111111111111111111111111111111111111111111111111111111111111111111111111111111111111111111111111111111111111111111111,"{'device_price': ['PRICE_2500_3500', 'PRICE_3500_4500', 'PRICE_4500_MORE'], 'app_install_status': ['NOT_INSTALLED'], 'gender': None, 'game_consumption_level': None, 'age': [{'min': 20, 'max': 50}], 'network_type': None, 'excluded_converted_audience': {'conversion_behavior_list': ['OPTIMIZATIONGOAL_APP_ACTIVATE'], 'excluded_dimension': 'EXCLUDED_DIMENSION_APP'}, 'geo_location': {'regions': None, 'location_types': None}, 'intention': {'targeting_tags': [205]}, 'interest': {'category_id_list': [301, 205, 16], 'keyword_list': None}, 'behavior': [{'category_id_list': [14, 51, 85, 102, 809, 817, 818, 827, 301, 38, 631, 632], 'intensity': ['BEHAVIOR_INTEREST_INTENSITY_ALL'], 'keyword_list': ['乘坐飞机', '保时捷', '养车', '凯迪拉克', '别墅', '大型飞机', '奔驰', '奥迪', '奥迪a6l', '奥迪q5', '宝马', '宝马汽车', '富豪', '度假', '散装货船', '无人飞机', '沃尔沃', '法拉利', '洗车', '温泉', '港口', '特斯拉', '碧桂园', '航空客机', '航空飞行器', '豪华汽车', '豪华跑车', '豪宅', '豪车', '跑车', '车辆出口', '迈巴赫', '运输船', '远洋捕捞', '雷克萨斯', '飞机飞行', '飞行器'], 'scene': ['BEHAVIOR_INTEREST_SCENE_ALL'], 'time_window': 'BEHAVIOR_INTEREST_TIME_WINDOW_SEVEN_DAY'}]}",13268,GDT,N1,2
9560,39819,1001447,0,0,True,['age'],"['SITE_SET_QQ_MUSIC_GAME', 'SITE_SET_KANDIAN', 'SITE_SET_TENCENT_NEWS', 'SITE_SET_TENCENT_VIDEO']",,720,,,,,1552323463,,PROMOTED_OBJECT_TYPE_APP_IOS,False,[],"{'image': 119171, 'description': '超魔性策略小游戏，试试你能闯几关', 'video': 119171, 'button_text': '立即下载', 'title': '无限游戏，休闲好玩又过瘾', 'brand': {'brand_name': '明日战纪', 'brand_img': 102585}}",OPTIMIZATIONGOAL_APP_ACTIVATE,BID_STRATEGY_AVERAGE_COST,16211,DEEP_CONVERSION_WORTH,,"{'goal': 'GOAL_1DAY_PURCHASE_ROAS', 'expected_roi': 0.016}",111111111111111111111111111111111111111111111111111111111111111111111111111111111111111111111111111111111100000000001111111111111111111111111111111111111100000000001111111111111111111111111111111111111111111111111111111111111111111111111111111111111111111111111111111111111111111111111111111111111111111111111111111111111111111111111111,"{'device_price': None, 'app_install_status': ['NOT_INSTALLED'], 'gender': None, 'game_consumption_level': None, 'age': [{'min': 20, 'max': 50}], 'network_type': None, 'excluded_converted_audience': {'conversion_behavior_list': ['OPTIMIZATIONGOAL_APP_ACTIVATE'], 'excluded_dimension': 'EXCLUDED_DIMENSION_APP'}, 'geo_location': {'regions': None, 'location_types': None}, 'intention': {'targeting_tags': None}, 'interest': {'category_id_list': None, 'keyword_list': None}, 'behavior': [{'category_id_list': None, 'intensity': None, 'keyword_list': None, 'scene': None, 'time_window': None}]}",13268,GDT,N1,2
9560,37965,1001447,0,0,False,[],"['SITE_SET_QQ_MUSIC_GAME', 'SITE_SET_KANDIAN', 'SITE_SET_TENCENT_NEWS', 'SITE_SET_TENCENT_VIDEO']",,720,,,,,1552323463,,PROMOTED_OBJECT_TYPE_APP_IOS,False,"['末日', '末世', '丧尸', '幸存', '美女', '长腿', '小姨子', '女忧', '豪车', '科技', '5G', '科普', '历史', '玄幻', '翻修', '游戏', '手游', '生化', '美胸', 'SM']","{'image': 110761, 'description': '智商149卡在了39关，这款游戏太烧脑，你能过几关？', 'video': 110761, 'button_text': '立即下载', 'title': '无限小游戏，休闲解压又过瘾', 'brand': {'brand_name': 'n1计划', 'brand_img': 78613}}",OPTIMIZATIONGOAL_APP_ACTIVATE,BID_STRATEGY_AVERAGE_COST,16446,DEEP_CONVERSION_WORTH,,"{'goal': 'GOAL_1DAY_PURCHASE_ROAS', 'expected_roi': 0.016}",111111111111111111111111111111111111111111111111111111111111111111111111111111111111111111111111111111111100000000001111111111111111111111111111111111111100000000001111111111111111111111111111111111111111111111111111111111111111111111111111111111111111111111111111111111111111111111111111111111111111111111111111111111111111111111111111,"{'device_price': ['PRICE_4500_MORE', 'PRICE_3500_4500', 'PRICE_2500_3500'], 'app_install_status': ['NOT_INSTALLED'], 'gender': None, 'game_consumption_level': None, 'age': [{'min': 20, 'max': 50}], 'network_type': None, 'excluded_converted_audience': {'conversion_behavior_list': ['OPTIMIZATIONGOAL_APP_ACTIVATE'], 'excluded_dimension': 'EXCLUDED_DIMENSION_APP'}, 'geo_location': {'regions': None, 'location_types': None}, 'intention': {'targeting_tags': None}, 'interest': {'category_id_list': None, 'keyword_list': None}, 'behavior': [{'category_id_list': None, 'intensity': None, 'keyword_list': None, 'scene': None, 'time_window': None}]}",13268,GDT,N1,2
9560,37812,1001447,0,0,False,[],"['SITE_SET_QQ_MUSIC_GAME', 'SITE_SET_KANDIAN', 'SITE_SET_TENCENT_NEWS', 'SITE_SET_TENCENT_VIDEO']",,721,,,,,1552323463,,PROMOTED_OBJECT_TYPE_APP_IOS,False,[],"{'image': 109660, 'description': '智商149卡在39关，这款游戏太烧脑了，你能过几关？', 'video': 109660, 'button_text': '立即下载', 'title': '这款游戏太烧脑了，你能过几关', 'brand': {'brand_name': 'N1计划', 'brand_img': 112395}}",OPTIMIZATIONGOAL_APP_ACTIVATE,BID_STRATEGY_AVERAGE_COST,16170,DEEP_CONVERSION_WORTH,,"{'goal': 'GOAL_1DAY_PURCHASE_ROAS', 'expected_roi': 0.016}",111111111111111111111111111111111111111111111111111111111111111111111111111111111111111111111111111111111100000000001111111111111111111111111111111111111100000000001111111111111111111111111111111111111111111111111111111111111111111111111111111111111111111111111111111111111111111111111111111111111111111111111111111111111111111111111111,"{'device_price': None, 'app_install_status': None, 'gender': None, 'game_consumption_level': ['HIGH', 'NORMAL'], 'age': [{'min': 20, 'max': 50}], 'network_type': None, 'excluded_converted_audience': {'conversion_behavior_list': None, 'excluded_dimension': None}, 'geo_location': {'regions': None, 'location_types': None}, 'intention': {'targeting_tags': None}, 'interest': {'category_id_list': None, 'keyword_list': None}, 'behavior': [{'category_id_list': None, 'intensity': None, 'keyword_list': None, 'scene': None, 'time_window': None}]}",13268,GDT,N1,2
9560,40184,1001447,0,0,True,['age'],"['SITE_SET_QQ_MUSIC_GAME', 'SITE_SET_KANDIAN', 'SITE_SET_TENCENT_NEWS', 'SITE_SET_TENCENT_VIDEO']",,720,,,,,1552323463,,PROMOTED_OBJECT_TYPE_APP_IOS,False,"['丧失', '末日', '绝地末日', '闯关', '策略']","{'image': 120916, 'description': '只需1根手指，没WiFi也能玩一天！', 'video': 120916, 'button_text': '立即试玩', 'title': '休闲又解压，玩一天都不腻', 'brand': {'brand_name': '黎明血战', 'brand_img': 120069}}",OPTIMIZATIONGOAL_APP_ACTIVATE,BID_STRATEGY_AVERAGE_COST,16870,DEEP_CONVERSION_WORTH,,"{'goal': 'GOAL_1DAY_PURCHASE_ROAS', 'expected_roi': 0.016}",111111111111111111111111111111111111111111111111111111111111111111111111111111111111111111111111111111111100000000001111111111111111111111111111111111111100000000001111111111111111111111111111111111111111111111111111111111111111111111111111111111111111111111111111111111111111111111111111111111111111111111111111111111111111111111111111,"{'device_price': ['PRICE_2500_3500', 'PRICE_3500_4500', 'PRICE_4500_MORE'], 'app_install_status': ['NOT_INSTALLED'], 'gender': None, 'game_consumption_level': None, 'age': [{'min': 20, 'max': 50}], 'network_type': None, 'excluded_converted_audience': {'conversion_behavior_list': ['OPTIMIZATIONGOAL_APP_ACTIVATE'], 'excluded_dimension': 'EXCLUDED_DIMENSION_APP'}, 'geo_location': {'regions': None, 'location_types': None}, 'intention': {'targeting_tags': [205]}, 'interest': {'category_id_list': [301, 205, 16], 'keyword_list': None}, 'behavior': [{'category_id_list': [51, 85, 102, 809, 524, 812, 813, 817, 818, 827, 301, 38, 631, 632, 164], 'intensity': ['BEHAVIOR_INTEREST_INTENSITY_ALL'], 'keyword_list': ['乘坐飞机', '保时捷', '凯迪拉克', '别墅', '大型飞机', '奔驰', '奥迪', '奥迪a6l', '奥迪q5', '宝马', '宝马汽车', '富豪', '度假', '无人飞机', '沃尔沃', '法拉利', '温泉', '港口', '特斯拉', '碧桂园', '豪华汽车', '豪华跑车', '豪车', '跑车', '车辆出口', '迈巴赫', '运输船', '远洋捕捞', '雷克萨斯', '飞行', '驾驶飞机'], 'scene': ['BEHAVIOR_INTEREST_SCENE_ALL'], 'time_window': 'BEHAVIOR_INTEREST_TIME_WINDOW_SEVEN_DAY'}]}",13268,GDT,N1,2
9560,39941,1001447,0,0,True,['age'],"['SITE_SET_QQ_MUSIC_GAME', 'SITE_SET_KANDIAN', 'SITE_SET_TENCENT_NEWS', 'SITE_SET_TENCENT_VIDEO']",,720,,,,,1552323463,,PROMOTED_OBJECT_TYPE_APP_IOS,False,"['丧失', '末日', '绝地末日', '闯关', '策略']","{'image': 119658, 'description': '只需1根手指，没WiFi也能玩一天！', 'video': 119658, 'button_text': '立即试玩', 'title': '休闲又解压，玩一天都不腻', 'brand': {'brand_name': '黎明血战', 'brand_img': 120069}}",OPTIMIZATIONGOAL_APP_ACTIVATE,BID_STRATEGY_AVERAGE_COST,16819,DEEP_CONVERSION_WORTH,,"{'goal': 'GOAL_1DAY_PURCHASE_ROAS', 'expected_roi': 0.016}",111111111111111111111111111111111111111111111111111111111111111111111111111111111111111111111111111111111100000000001111111111111111111111111111111111111100000000001111111111111111111111111111111111111111111111111111111111111111111111111111111111111111111111111111111111111111111111111111111111111111111111111111111111111111111111111111,"{'device_price': ['PRICE_2500_3500', 'PRICE_3500_4500', 'PRICE_4500_MORE'], 'app_install_status': ['NOT_INSTALLED'], 'gender': None, 'game_consumption_level': None, 'age': [{'min': 20, 'max': 50}], 'network_type': None, 'excluded_converted_audience': {'conversion_behavior_list': ['OPTIMIZATIONGOAL_APP_ACTIVATE'], 'excluded_dimension': 'EXCLUDED_DIMENSION_APP'}, 'geo_location': {'regions': None, 'location_types': None}, 'intention': {'targeting_tags': [205]}, 'interest': {'category_id_list': [301, 205, 16], 'keyword_list': None}, 'behavior': [{'category_id_list': [14, 51, 85, 102, 809, 817, 818, 827, 301, 38, 631, 632], 'intensity': ['BEHAVIOR_INTEREST_INTENSITY_ALL'], 'keyword_list': ['乘坐飞机', '保时捷', '养车', '凯迪拉克', '别墅', '大型飞机', '奔驰', '奥迪', '奥迪a6l', '奥迪q5', '宝马', '宝马汽车', '富豪', '度假', '散装货船', '无人飞机', '沃尔沃', '法拉利', '洗车', '温泉', '港口', '特斯拉', '碧桂园', '航空客机', '航空飞行器', '豪华汽车', '豪华跑车', '豪宅', '豪车', '跑车', '车辆出口', '迈巴赫', '运输船', '远洋捕捞', '雷克萨斯', '飞机飞行', '飞行器'], 'scene': ['BEHAVIOR_INTEREST_SCENE_ALL'], 'time_window': 'BEHAVIOR_INTEREST_TIME_WINDOW_SEVEN_DAY'}]}",13268,GDT,N1,2
9560,39907,1001447,0,0,False,[],"['SITE_SET_QQ_MUSIC_GAME', 'SITE_SET_KANDIAN', 'SITE_SET_TENCENT_NEWS', 'SITE_SET_TENCENT_VIDEO']",,720,,,,,1552323463,,PROMOTED_OBJECT_TYPE_APP_IOS,False,[],"{'image': 119489, 'description': '闯关+逃生，没WiFi也能玩一天，试试你能过几关？', 'video': 119489, 'button_text': '下载游戏', 'title': '无限关卡，好玩又刺激', 'brand': {'brand_name': 'N1计划', 'brand_img': 78613}}",OPTIMIZATIONGOAL_APP_ACTIVATE,BID_STRATEGY_TARGET_COST,16348,DEEP_CONVERSION_WORTH,,"{'goal': 'GOAL_1DAY_PURCHASE_ROAS', 'expected_roi': 0.016}",111111111111111111111111111111111111111111111111111111111111111111111111111111111111111111111111111111111100000000001111111111111111111111111111111111111100000000001111111111111111111111111111111111111111111111111111111111111111111111111111111111111111111111111111111111111111111111111111111111111111111111111111111111111111111111111111,"{'device_price': None, 'app_install_status': ['NOT_INSTALLED'], 'gender': ['MALE'], 'game_consumption_level': None, 'age': [{'min': 20, 'max': 50}], 'network_type': None, 'excluded_converted_audience': {'conversion_behavior_list': None, 'excluded_dimension': None}, 'geo_location': {'regions': None, 'location_types': None}, 'intention': {'targeting_tags': None}, 'interest': {'category_id_list': None, 'keyword_list': None}, 'behavior': [{'category_id_list': None, 'intensity': None, 'keyword_list': None, 'scene': None, 'time_window': None}]}",13268,GDT,N1,2
9560,38991,1001447,0,0,False,[],"['SITE_SET_QQ_MUSIC_GAME', 'SITE_SET_KANDIAN', 'SITE_SET_TENCENT_NEWS', 'SITE_SET_TENCENT_VIDEO']",,720,,,,,1552323463,,PROMOTED_OBJECT_TYPE_APP_IOS,False,"['末日', '末世', '丧尸', '幸存', '美女', '长腿', '小姨子', '女忧', '豪车', '科技', '5G', '科普', '历史', '玄幻', '翻修', '游戏', '手游', '生化', '美胸', 'SM']","{'image': 115424, 'description': '闯关+逃生，没WiFi也能玩一天，试试你能过几关？', 'video': 115424, 'button_text': '下载游戏', 'title': '无限关卡，休闲解压又过瘾！', 'brand': {'brand_name': 'n1计划', 'brand_img': 77752}}",OPTIMIZATIONGOAL_APP_ACTIVATE,BID_STRATEGY_AVERAGE_COST,16406,DEEP_CONVERSION_WORTH,,"{'goal': 'GOAL_1DAY_PURCHASE_ROAS', 'expected_roi': 0.016}",111111111111111111111111111111111111111111111111111111111111111111111111111111111111111111111111111111111100000000001111111111111111111111111111111111111100000000001111111111111111111111111111111111111111111111111111111111111111111111111111111111111111111111111111111111111111111111111111111111111111111111111111111111111111111111111111,"{'device_price': None, 'app_install_status': ['NOT_INSTALLED'], 'gender': None, 'game_consumption_level': ['HIGH', 'NORMAL'], 'age': [{'min': 20, 'max': 50}], 'network_type': None, 'excluded_converted_audience': {'conversion_behavior_list': ['OPTIMIZATIONGOAL_APP_DOWNLOAD'], 'excluded_dimension': 'EXCLUDED_DIMENSION_APP'}, 'geo_location': {'regions': None, 'location_types': None}, 'intention': {'targeting_tags': None}, 'interest': {'category_id_list': None, 'keyword_list': None}, 'behavior': [{'category_id_list': None, 'intensity': None, 'keyword_list': None, 'scene': None, 'time_window': None}]}",13268,GDT,N1,2
