ad_account_id,image_id,game_id,budget_mode,daily_budget,expand_enabled,expand_targeting,site_set,deep_link_url,adcreative_template_id,page_spec,link_page_spec,link_name_type,link_page_type,promoted_object_id,profile_id,promoted_object_type,automatic_site_enabled,label,adcreative_elements,optimization_goal,bid_strategy,bid_amount,deep_conversion_type,deep_conversion_behavior_spec,deep_conversion_worth_spec,time_series,targeting,plan_auto_task_id,op_id,flag,game_name,platform,auto_acquisition_enabled,auto_acquisition_budget
9557,35378,1001447,0,0,False,[],"['SITE_SET_QQ_MUSIC_GAME', 'SITE_SET_KANDIAN', 'SITE_SET_TENCENT_NEWS', 'SITE_SET_TENCENT_VIDEO']",,720,,,,,1552323463,,PROMOTED_OBJECT_TYPE_APP_IOS,False,[],"{'image': 104710, 'description': '超魔性策略小游戏，试试你能闯几关', 'video': 104710, 'button_text': '立即下载', 'title': '无限游戏，休闲好玩又刺激', 'brand': {'brand_name': 'N1计划', 'brand_img': 78613}}",OPTIMIZATIONGOAL_APP_ACTIVATE,BID_STRATEGY_AVERAGE_COST,24528,DEEP_CONVERSION_WORTH,,"{'goal': 'GOAL_1DAY_PURCHASE_ROAS', 'expected_roi': 0.012}",111111111111111111111111111111111111111111111111111111111111111111111111111111111111111111111111111111111100000000001111111111111111111111111111111111111100000000001111111111111111111111111111111111111111111111111111111111111111111111111111111111111111111111111111111111111111111111111111111111111111111111111111111111111111111111111111,"{'device_price': None, 'app_install_status': ['NOT_INSTALLED'], 'gender': ['MALE'], 'game_consumption_level': None, 'age': [{'min': 20, 'max': 50}], 'network_type': None, 'excluded_converted_audience': {'conversion_behavior_list': None, 'excluded_dimension': None}, 'geo_location': {'regions': None, 'location_types': None}, 'intention': {'targeting_tags': [205]}, 'interest': {'category_id_list': [205], 'keyword_list': None}, 'behavior': [{'category_id_list': [157, 203, 301, 205], 'intensity': ['BEHAVIOR_INTEREST_INTENSITY_ALL'], 'keyword_list': None, 'scene': ['BEHAVIOR_INTEREST_SCENE_ALL'], 'time_window': 'BEHAVIOR_INTEREST_TIME_WINDOW_SEVEN_DAY'}]}","11427,12063",13268,GDT,N1,2,True,2000
9557,38396,1001447,0,0,False,[],"['SITE_SET_QQ_MUSIC_GAME', 'SITE_SET_KANDIAN', 'SITE_SET_TENCENT_NEWS', 'SITE_SET_TENCENT_VIDEO']",,720,,,,,1552323463,,PROMOTED_OBJECT_TYPE_APP_IOS,False,[],"{'image': 113497, 'description': '超魔性策略小游戏，试试你能闯几关', 'video': 113497, 'button_text': '立即下载', 'title': '无限游戏，休闲好玩又过瘾', 'brand': {'brand_name': 'N1计划', 'brand_img': 78613}}",OPTIMIZATIONGOAL_APP_ACTIVATE,BID_STRATEGY_TARGET_COST,24253,DEEP_CONVERSION_WORTH,,"{'goal': 'GOAL_1DAY_PURCHASE_ROAS', 'expected_roi': 0.012}",111111111111111111111111111111111111111111111111111111111111111111111111111111111111111111111111111111111100000000001111111111111111111111111111111111111100000000001111111111111111111111111111111111111111111111111111111111111111111111111111111111111111111111111111111111111111111111111111111111111111111111111111111111111111111111111111,"{'device_price': None, 'app_install_status': None, 'gender': ['MALE'], 'game_consumption_level': None, 'age': [{'min': 20, 'max': 50}], 'network_type': None, 'excluded_converted_audience': {'conversion_behavior_list': None, 'excluded_dimension': None}, 'geo_location': {'regions': None, 'location_types': None}, 'intention': {'targeting_tags': None}, 'interest': {'category_id_list': None, 'keyword_list': None}, 'behavior': [{'category_id_list': None, 'intensity': None, 'keyword_list': None, 'scene': None, 'time_window': None}]}","11427,12063",13268,GDT,N1,2,True,2000
9557,39755,1001447,0,0,True,['age'],"['SITE_SET_QQ_MUSIC_GAME', 'SITE_SET_KANDIAN', 'SITE_SET_TENCENT_NEWS', 'SITE_SET_TENCENT_VIDEO']",,720,,,,,1552323463,,PROMOTED_OBJECT_TYPE_APP_IOS,False,[],"{'image': 118915, 'description': '超魔性策略小游戏，试试你能闯几关', 'video': 118915, 'button_text': '立即下载', 'title': '无限游戏，休闲好玩又过瘾', 'brand': {'brand_name': 'N1计划', 'brand_img': 78613}}",OPTIMIZATIONGOAL_APP_ACTIVATE,BID_STRATEGY_AVERAGE_COST,24230,DEEP_CONVERSION_WORTH,,"{'goal': 'GOAL_1DAY_PURCHASE_ROAS', 'expected_roi': 0.012}",111111111111111111111111111111111111111111111111111111111111111111111111111111111111111111111111111111111100000000001111111111111111111111111111111111111100000000001111111111111111111111111111111111111111111111111111111111111111111111111111111111111111111111111111111111111111111111111111111111111111111111111111111111111111111111111111,"{'device_price': None, 'app_install_status': None, 'gender': ['MALE'], 'game_consumption_level': None, 'age': [{'min': 20, 'max': 50}], 'network_type': None, 'excluded_converted_audience': {'conversion_behavior_list': None, 'excluded_dimension': None}, 'geo_location': {'regions': None, 'location_types': None}, 'intention': {'targeting_tags': None}, 'interest': {'category_id_list': None, 'keyword_list': None}, 'behavior': [{'category_id_list': None, 'intensity': None, 'keyword_list': None, 'scene': None, 'time_window': None}]}","11427,12063",13268,GDT,N1,2,True,2000
9557,34335,1001447,0,0,False,[],"['SITE_SET_QQ_MUSIC_GAME', 'SITE_SET_KANDIAN', 'SITE_SET_TENCENT_NEWS', 'SITE_SET_TENCENT_VIDEO']",,720,,,DOWNLOAD_NOW,,1552323463,,PROMOTED_OBJECT_TYPE_APP_IOS,False,[],"{'image': 95629, 'head_line': '休闲好玩又刺激', 'end_page': {'end_page_desc': '休闲好玩又刺激', 'end_page_type': 'END_PAGE_DESCRIPTION_HIGHLIGHT'}, 'description': '末日主题生存小游戏，智商149卡在了39关，你能过几关？', 'caption': '超魔性策略游戏', 'left_bottom_txt': '没有wifi也能玩，等你来战', 'video': 95629, 'button_text': '下载游戏', 'title': '休闲好玩又刺激', 'brand': {'brand_name': 'N1计划-享受战斗', 'brand_img': 78613}}",OPTIMIZATIONGOAL_APP_ACTIVATE,BID_STRATEGY_AVERAGE_COST,23444,DEEP_CONVERSION_WORTH,,"{'goal': 'GOAL_1DAY_PURCHASE_ROAS', 'expected_roi': 0.012}",111111111111111111111111111111111111111111111111111111111111111111111111111111111111111111111111111111111100000000001111111111111111111111111111111111111100000000001111111111111111111111111111111111111111111111111111111111111111111111111111111111111111111111111111111111111111111111111111111111111111111111111111111111111111111111111111,"{'device_price': None, 'app_install_status': None, 'gender': ['MALE'], 'game_consumption_level': None, 'age': [{'min': 20, 'max': 50}], 'network_type': None, 'excluded_converted_audience': {'conversion_behavior_list': None, 'excluded_dimension': None}, 'geo_location': {'regions': None, 'location_types': None}, 'intention': {'targeting_tags': None}, 'interest': {'category_id_list': None, 'keyword_list': None}, 'behavior': [{'category_id_list': None, 'intensity': None, 'keyword_list': None, 'scene': None, 'time_window': None}]}","11427,12063",13268,GDT,N1,2,True,2000
9557,39345,1001447,0,0,False,[],"['SITE_SET_QQ_MUSIC_GAME', 'SITE_SET_KANDIAN', 'SITE_SET_TENCENT_NEWS', 'SITE_SET_TENCENT_VIDEO']",,720,,,DOWNLOAD_NOW,,1552323463,,PROMOTED_OBJECT_TYPE_APP_IOS,False,[],"{'image': 117002, 'head_line': '休闲好玩又刺激', 'end_page': {'end_page_desc': '休闲好玩又刺激', 'end_page_type': 'END_PAGE_DESCRIPTION_HIGHLIGHT'}, 'description': '末日主题生存小游戏，智商149卡在了39关，你能过几关？', 'caption': '超魔性策略游戏', 'left_bottom_txt': '没有wifi也能玩，等你来战', 'video': 117002, 'button_text': '下载游戏', 'title': '休闲好玩又刺激', 'brand': {'brand_name': 'N1计划-享受战斗', 'brand_img': 78613}}",OPTIMIZATIONGOAL_APP_ACTIVATE,BID_STRATEGY_AVERAGE_COST,23975,DEEP_CONVERSION_WORTH,,"{'goal': 'GOAL_1DAY_PURCHASE_ROAS', 'expected_roi': 0.012}",111111111111111111111111111111111111111111111111111111111111111111111111111111111111111111111111111111111100000000001111111111111111111111111111111111111100000000001111111111111111111111111111111111111111111111111111111111111111111111111111111111111111111111111111111111111111111111111111111111111111111111111111111111111111111111111111,"{'device_price': None, 'app_install_status': ['NOT_INSTALLED'], 'gender': ['MALE'], 'game_consumption_level': ['HIGH', 'NORMAL'], 'age': [{'min': 20, 'max': 50}], 'network_type': None, 'excluded_converted_audience': {'conversion_behavior_list': ['OPTIMIZATIONGOAL_APP_ACTIVATE'], 'excluded_dimension': 'EXCLUDED_DIMENSION_APP'}, 'geo_location': {'regions': None, 'location_types': None}, 'intention': {'targeting_tags': None}, 'interest': {'category_id_list': None, 'keyword_list': None}, 'behavior': [{'category_id_list': None, 'intensity': None, 'keyword_list': None, 'scene': None, 'time_window': None}]}","11427,12063",13268,GDT,N1,2,True,2000
9557,40289,1001447,0,0,False,[],"['SITE_SET_QQ_MUSIC_GAME', 'SITE_SET_KANDIAN', 'SITE_SET_TENCENT_NEWS', 'SITE_SET_TENCENT_VIDEO']",,720,,,,,1552323463,,PROMOTED_OBJECT_TYPE_APP_IOS,False,[],"{'image': 121527, 'description': '超魔性策略小游戏，试试你能闯几关', 'video': 121527, 'button_text': '立即下载', 'title': '无限游戏，休闲好玩又过瘾', 'brand': {'brand_name': 'N1计划', 'brand_img': 78613}}",OPTIMIZATIONGOAL_APP_ACTIVATE,BID_STRATEGY_AVERAGE_COST,23152,DEEP_CONVERSION_WORTH,,"{'goal': 'GOAL_1DAY_PURCHASE_ROAS', 'expected_roi': 0.012}",111111111111111111111111111111111111111111111111111111111111111111111111111111111111111111111111111111111100000000001111111111111111111111111111111111111100000000001111111111111111111111111111111111111111111111111111111111111111111111111111111111111111111111111111111111111111111111111111111111111111111111111111111111111111111111111111,"{'device_price': None, 'app_install_status': None, 'gender': None, 'game_consumption_level': ['HIGH', 'NORMAL'], 'age': [{'min': 20, 'max': 50}], 'network_type': None, 'excluded_converted_audience': {'conversion_behavior_list': None, 'excluded_dimension': None}, 'geo_location': {'regions': None, 'location_types': None}, 'intention': {'targeting_tags': None}, 'interest': {'category_id_list': None, 'keyword_list': None}, 'behavior': [{'category_id_list': None, 'intensity': None, 'keyword_list': None, 'scene': None, 'time_window': None}]}","11427,12063",13268,GDT,N1,2,True,2000
9557,40072,1001447,0,0,True,['age'],"['SITE_SET_QQ_MUSIC_GAME', 'SITE_SET_KANDIAN', 'SITE_SET_TENCENT_NEWS', 'SITE_SET_TENCENT_VIDEO']",,721,,,,,1552323463,,PROMOTED_OBJECT_TYPE_APP_IOS,False,[],"{'image': 120316, 'description': '策略+生存，能过20关的都是人才！试试你能过几关？', 'video': 120316, 'button_text': '立即下载', 'title': '蹲厕所玩了两小时，腿都麻了！', 'brand': {'brand_name': 'N1计划', 'brand_img': 81958}}",OPTIMIZATIONGOAL_APP_ACTIVATE,BID_STRATEGY_AVERAGE_COST,24822,DEEP_CONVERSION_WORTH,,"{'goal': 'GOAL_1DAY_PURCHASE_ROAS', 'expected_roi': 0.012}",111111111111111111111111111111111111111111111111111111111111111111111111111111111111111111111111111111111100000000001111111111111111111111111111111111111100000000001111111111111111111111111111111111111111111111111111111111111111111111111111111111111111111111111111111111111111111111111111111111111111111111111111111111111111111111111111,"{'device_price': ['PRICE_4500_MORE', 'PRICE_3500_4500', 'PRICE_2500_3500'], 'app_install_status': ['NOT_INSTALLED'], 'gender': ['MALE'], 'game_consumption_level': None, 'age': [{'min': 20, 'max': 50}], 'network_type': None, 'excluded_converted_audience': {'conversion_behavior_list': ['OPTIMIZATIONGOAL_APP_ACTIVATE'], 'excluded_dimension': 'EXCLUDED_DIMENSION_APP'}, 'geo_location': {'regions': None, 'location_types': None}, 'intention': {'targeting_tags': [205]}, 'interest': {'category_id_list': [205], 'keyword_list': None}, 'behavior': [{'category_id_list': [85, 102, 203, 301, 205], 'intensity': ['BEHAVIOR_INTEREST_INTENSITY_ALL'], 'keyword_list': None, 'scene': ['BEHAVIOR_INTEREST_SCENE_ALL'], 'time_window': 'BEHAVIOR_INTEREST_TIME_WINDOW_SEVEN_DAY'}]}","11427,12063",13268,GDT,N1,2,True,2000
9557,40293,1001447,0,0,True,['age'],"['SITE_SET_QQ_MUSIC_GAME', 'SITE_SET_KANDIAN', 'SITE_SET_TENCENT_NEWS', 'SITE_SET_TENCENT_VIDEO']",,720,,,,,1552323463,,PROMOTED_OBJECT_TYPE_APP_IOS,False,[],"{'image': 121553, 'description': '超魔性策略小游戏，试试你能闯几关', 'video': 121553, 'button_text': '立即下载', 'title': '无限游戏，休闲好玩又过瘾', 'brand': {'brand_name': 'N1计划', 'brand_img': 78613}}",OPTIMIZATIONGOAL_APP_ACTIVATE,BID_STRATEGY_AVERAGE_COST,24836,DEEP_CONVERSION_WORTH,,"{'goal': 'GOAL_1DAY_PURCHASE_ROAS', 'expected_roi': 0.012}",111111111111111111111111111111111111111111111111111111111111111111111111111111111111111111111111111111111100000000001111111111111111111111111111111111111100000000001111111111111111111111111111111111111111111111111111111111111111111111111111111111111111111111111111111111111111111111111111111111111111111111111111111111111111111111111111,"{'device_price': None, 'app_install_status': None, 'gender': ['MALE'], 'game_consumption_level': ['HIGH', 'NORMAL'], 'age': [{'min': 20, 'max': 50}], 'network_type': None, 'excluded_converted_audience': {'conversion_behavior_list': ['OPTIMIZATIONGOAL_APP_ACTIVATE'], 'excluded_dimension': 'EXCLUDED_DIMENSION_APP'}, 'geo_location': {'regions': None, 'location_types': None}, 'intention': {'targeting_tags': None}, 'interest': {'category_id_list': None, 'keyword_list': None}, 'behavior': [{'category_id_list': None, 'intensity': None, 'keyword_list': None, 'scene': None, 'time_window': None}]}","11427,12063",13268,GDT,N1,2,True,2000
9559,37278,1001447,0,0,True,['age'],"['SITE_SET_QQ_MUSIC_GAME', 'SITE_SET_KANDIAN', 'SITE_SET_TENCENT_NEWS', 'SITE_SET_TENCENT_VIDEO']",,720,,,DOWNLOAD_NOW,,1552323463,,PROMOTED_OBJECT_TYPE_APP_IOS,False,[],"{'image': 107088, 'head_line': '真后悔没早点下载，竟这么刺激好玩', 'end_page': {'end_page_desc': '黎明血战', 'end_page_type': 'END_PAGE_AVATAR_NICKNAME_HIGHLIGHT'}, 'description': '超魔性策略小游戏，智商149卡在39关，你能过几关？', 'caption': '这游戏太烧脑了！蹲厕所玩腿都麻了', 'video': 107088, 'button_text': '立即下载', 'title': '黎明血战', 'brand': {'brand_name': '黎明血战', 'brand_img': 120069}}",OPTIMIZATIONGOAL_APP_ACTIVATE,BID_STRATEGY_AVERAGE_COST,23493,DEEP_CONVERSION_WORTH,,"{'goal': 'GOAL_1DAY_PURCHASE_ROAS', 'expected_roi': 0.012}",111111111111111111111111111111111111111111111111111111111111111111111111111111111111111111111111111111111100000000001111111111111111111111111111111111111100000000001111111111111111111111111111111111111111111111111111111111111111111111111111111111111111111111111111111111111111111111111111111111111111111111111111111111111111111111111111,"{'device_price': None, 'app_install_status': None, 'gender': ['MALE'], 'game_consumption_level': None, 'age': [{'min': 20, 'max': 50}], 'network_type': None, 'excluded_converted_audience': {'conversion_behavior_list': None, 'excluded_dimension': None}, 'geo_location': {'regions': None, 'location_types': None}, 'intention': {'targeting_tags': None}, 'interest': {'category_id_list': None, 'keyword_list': None}, 'behavior': [{'category_id_list': None, 'intensity': None, 'keyword_list': None, 'scene': None, 'time_window': None}]}","11427,12063",13268,GDT,N1,2,True,2000
9559,40200,1001447,0,0,False,[],"['SITE_SET_QQ_MUSIC_GAME', 'SITE_SET_KANDIAN', 'SITE_SET_TENCENT_NEWS', 'SITE_SET_TENCENT_VIDEO']",,721,,,,,1552323463,,PROMOTED_OBJECT_TYPE_APP_IOS,False,[],"{'image': 121034, 'description': '朋友被我带入坑，没想到玩的比我还猛？！', 'video': 121034, 'button_text': '立即下载', 'title': '策略+生存，过20关都是人才！', 'brand': {'brand_name': 'N1计划', 'brand_img': 81958}}",OPTIMIZATIONGOAL_APP_ACTIVATE,BID_STRATEGY_AVERAGE_COST,23421,DEEP_CONVERSION_WORTH,,"{'goal': 'GOAL_1DAY_PURCHASE_ROAS', 'expected_roi': 0.012}",111111111111111111111111111111111111111111111111111111111111111111111111111111111111111111111111111111111100000000001111111111111111111111111111111111111100000000001111111111111111111111111111111111111111111111111111111111111111111111111111111111111111111111111111111111111111111111111111111111111111111111111111111111111111111111111111,"{'device_price': ['PRICE_2500_3500', 'PRICE_3500_4500', 'PRICE_4500_MORE'], 'app_install_status': ['NOT_INSTALLED'], 'gender': None, 'game_consumption_level': None, 'age': [{'min': 20, 'max': 50}], 'network_type': None, 'excluded_converted_audience': {'conversion_behavior_list': ['OPTIMIZATIONGOAL_APP_ACTIVATE'], 'excluded_dimension': 'EXCLUDED_DIMENSION_APP'}, 'geo_location': {'regions': None, 'location_types': None}, 'intention': {'targeting_tags': [205]}, 'interest': {'category_id_list': [301, 205, 16], 'keyword_list': None}, 'behavior': [{'category_id_list': [51, 85, 102, 809, 524, 812, 813, 817, 818, 827, 301, 38, 631, 632, 164, 16], 'intensity': ['BEHAVIOR_INTEREST_INTENSITY_ALL'], 'keyword_list': ['乘坐飞机', '保时捷', '凯迪拉克', '别墅', '大型飞机', '奔驰', '奥迪', '奥迪a6l', '奥迪q5', '宝马', '宝马汽车', '富豪', '度假', '无人飞机', '沃尔沃', '法拉利', '温泉', '港口', '特斯拉', '碧桂园', '豪华汽车', '豪华跑车', '豪车', '跑车', '车辆出口', '迈巴赫', '运输船', '远洋捕捞', '雷克萨斯', '飞行', '驾驶飞机'], 'scene': ['BEHAVIOR_INTEREST_SCENE_ALL'], 'time_window': 'BEHAVIOR_INTEREST_TIME_WINDOW_SEVEN_DAY'}]}","11427,12063",13268,GDT,N1,2,True,2000
9559,39345,1001447,0,0,True,['age'],"['SITE_SET_QQ_MUSIC_GAME', 'SITE_SET_KANDIAN', 'SITE_SET_TENCENT_NEWS', 'SITE_SET_TENCENT_VIDEO']",,720,,,DOWNLOAD_NOW,,1552323463,,PROMOTED_OBJECT_TYPE_APP_IOS,False,[],"{'image': 117002, 'head_line': '休闲好玩又刺激', 'end_page': {'end_page_desc': '休闲好玩又刺激', 'end_page_type': 'END_PAGE_DESCRIPTION_HIGHLIGHT'}, 'description': '末日主题生存小游戏，智商149卡在了39关，你能过几关？', 'caption': '超魔性策略游戏', 'left_bottom_txt': '没有wifi也能玩，等你来战', 'video': 117002, 'button_text': '下载游戏', 'title': '休闲好玩又刺激', 'brand': {'brand_name': 'N1计划-享受战斗', 'brand_img': 78613}}",OPTIMIZATIONGOAL_APP_ACTIVATE,BID_STRATEGY_AVERAGE_COST,23620,DEEP_CONVERSION_WORTH,,"{'goal': 'GOAL_1DAY_PURCHASE_ROAS', 'expected_roi': 0.012}",111111111111111111111111111111111111111111111111111111111111111111111111111111111111111111111111111111111100000000001111111111111111111111111111111111111100000000001111111111111111111111111111111111111111111111111111111111111111111111111111111111111111111111111111111111111111111111111111111111111111111111111111111111111111111111111111,"{'device_price': ['PRICE_2500_3500', 'PRICE_3500_4500', 'PRICE_4500_MORE'], 'app_install_status': ['NOT_INSTALLED'], 'gender': None, 'game_consumption_level': None, 'age': [{'min': 20, 'max': 50}], 'network_type': None, 'excluded_converted_audience': {'conversion_behavior_list': ['OPTIMIZATIONGOAL_APP_ACTIVATE'], 'excluded_dimension': 'EXCLUDED_DIMENSION_APP'}, 'geo_location': {'regions': None, 'location_types': None}, 'intention': {'targeting_tags': [205]}, 'interest': {'category_id_list': [301, 205, 16], 'keyword_list': None}, 'behavior': [{'category_id_list': [14, 51, 85, 102, 809, 817, 818, 827, 301, 38, 631, 632], 'intensity': ['BEHAVIOR_INTEREST_INTENSITY_ALL'], 'keyword_list': ['乘坐飞机', '保时捷', '养车', '凯迪拉克', '别墅', '大型飞机', '奔驰', '奥迪', '奥迪a6l', '奥迪q5', '宝马', '宝马汽车', '富豪', '度假', '散装货船', '无人飞机', '沃尔沃', '法拉利', '洗车', '温泉', '港口', '特斯拉', '碧桂园', '航空客机', '航空飞行器', '豪华汽车', '豪华跑车', '豪宅', '豪车', '跑车', '车辆出口', '迈巴赫', '运输船', '远洋捕捞', '雷克萨斯', '飞机飞行', '飞行器'], 'scene': ['BEHAVIOR_INTEREST_SCENE_ALL'], 'time_window': 'BEHAVIOR_INTEREST_TIME_WINDOW_SEVEN_DAY'}]}","11427,12063",13268,GDT,N1,2,True,2000
9559,39970,1001447,0,0,False,[],"['SITE_SET_QQ_MUSIC_GAME', 'SITE_SET_KANDIAN', 'SITE_SET_TENCENT_NEWS', 'SITE_SET_TENCENT_VIDEO']",,720,,,DOWNLOAD_NOW,,1552323463,,PROMOTED_OBJECT_TYPE_APP_IOS,False,,"{'video': 119840, 'image': 119840, 'end_page': {'end_page_type': 'END_PAGE_AVATAR_NICKNAME_HIGHLIGHT', 'end_page_desc': '黎明血战'}, 'brand': {'brand_name': '黎明血战', 'brand_img': 120069}, 'title': '黎明血战', 'description': '超魔性策略小游戏，智商149卡在39关，你能闯几关？', 'button_text': '立即下载', 'head_line': '真后悔没早点下载，竟这么刺激好玩', 'caption': '这游戏太烧脑了！蹲厕所玩腿都麻了'}",OPTIMIZATIONGOAL_APP_ACTIVATE,BID_STRATEGY_AVERAGE_COST,24710,DEEP_CONVERSION_WORTH,,"{'goal': 'GOAL_1DAY_PURCHASE_ROAS', 'expected_roi': 0.012}",111111111111111111111111111111111111111111111111111111111111111111111111111111111111111111111111111111111100000000001111111111111111111111111111111111111100000000001111111111111111111111111111111111111111111111111111111111111111111111111111111111111111111111111111111111111111111111111111111111111111111111111111111111111111111111111111,"{'device_price': None, 'app_install_status': ['NOT_INSTALLED'], 'gender': None, 'game_consumption_level': None, 'age': [{'min': 20, 'max': 50}], 'network_type': None, 'excluded_converted_audience': {'conversion_behavior_list': ['OPTIMIZATIONGOAL_APP_DOWNLOAD'], 'excluded_dimension': 'EXCLUDED_DIMENSION_APP'}, 'geo_location': {'regions': None, 'location_types': None}, 'intention': {'targeting_tags': [205]}, 'interest': {'category_id_list': [157, 205], 'keyword_list': None}, 'behavior': [{'category_id_list': [157, 205], 'intensity': ['BEHAVIOR_INTEREST_INTENSITY_ALL'], 'keyword_list': None, 'scene': ['BEHAVIOR_INTEREST_SCENE_ALL'], 'time_window': 'BEHAVIOR_INTEREST_TIME_WINDOW_SEVEN_DAY'}]}","11427,12063",13268,GDT,N1,2,True,2000
9559,39183,1001447,0,0,False,[],"['SITE_SET_QQ_MUSIC_GAME', 'SITE_SET_KANDIAN', 'SITE_SET_TENCENT_NEWS', 'SITE_SET_TENCENT_VIDEO']",,720,,,,,1552323463,,PROMOTED_OBJECT_TYPE_APP_IOS,False,[],"{'image': 116308, 'description': '智商149卡在了39关，这款游戏太烧脑，你能过几关？', 'video': 116308, 'button_text': '下载游戏', 'title': '无限关卡，好玩又刺激', 'brand': {'brand_name': 'N1计划', 'brand_img': 78613}}",OPTIMIZATIONGOAL_APP_ACTIVATE,BID_STRATEGY_TARGET_COST,23651,DEEP_CONVERSION_WORTH,,"{'goal': 'GOAL_1DAY_PURCHASE_ROAS', 'expected_roi': 0.012}",111111111111111111111111111111111111111111111111111111111111111111111111111111111111111111111111111111111100000000001111111111111111111111111111111111111100000000001111111111111111111111111111111111111111111111111111111111111111111111111111111111111111111111111111111111111111111111111111111111111111111111111111111111111111111111111111,"{'device_price': None, 'app_install_status': None, 'gender': ['MALE'], 'game_consumption_level': None, 'age': [{'min': 20, 'max': 50}], 'network_type': None, 'excluded_converted_audience': {'conversion_behavior_list': None, 'excluded_dimension': None}, 'geo_location': {'regions': None, 'location_types': None}, 'intention': {'targeting_tags': None}, 'interest': {'category_id_list': None, 'keyword_list': None}, 'behavior': [{'category_id_list': None, 'intensity': None, 'keyword_list': None, 'scene': None, 'time_window': None}]}","11427,12063",13268,GDT,N1,2,True,2000
9559,39907,1001447,0,0,False,[],"['SITE_SET_QQ_MUSIC_GAME', 'SITE_SET_KANDIAN', 'SITE_SET_TENCENT_NEWS', 'SITE_SET_TENCENT_VIDEO']",,720,,,,,1552323463,,PROMOTED_OBJECT_TYPE_APP_IOS,False,[],"{'image': 119489, 'description': '闯关+逃生，没WiFi也能玩一天，试试你能过几关？', 'video': 119489, 'button_text': '下载游戏', 'title': '无限关卡，好玩又刺激', 'brand': {'brand_name': 'N1计划', 'brand_img': 78613}}",OPTIMIZATIONGOAL_APP_ACTIVATE,BID_STRATEGY_TARGET_COST,23189,DEEP_CONVERSION_WORTH,,"{'goal': 'GOAL_1DAY_PURCHASE_ROAS', 'expected_roi': 0.012}",111111111111111111111111111111111111111111111111111111111111111111111111111111111111111111111111111111111100000000001111111111111111111111111111111111111100000000001111111111111111111111111111111111111111111111111111111111111111111111111111111111111111111111111111111111111111111111111111111111111111111111111111111111111111111111111111,"{'device_price': None, 'app_install_status': ['NOT_INSTALLED'], 'gender': None, 'game_consumption_level': ['HIGH', 'NORMAL'], 'age': [{'min': 20, 'max': 50}], 'network_type': None, 'excluded_converted_audience': {'conversion_behavior_list': ['OPTIMIZATIONGOAL_APP_DOWNLOAD'], 'excluded_dimension': 'EXCLUDED_DIMENSION_APP'}, 'geo_location': {'regions': None, 'location_types': None}, 'intention': {'targeting_tags': None}, 'interest': {'category_id_list': None, 'keyword_list': None}, 'behavior': [{'category_id_list': None, 'intensity': None, 'keyword_list': None, 'scene': None, 'time_window': None}]}","11427,12063",13268,GDT,N1,2,True,2000
9559,38100,1001447,0,0,True,['age'],"['SITE_SET_QQ_MUSIC_GAME', 'SITE_SET_KANDIAN', 'SITE_SET_TENCENT_NEWS', 'SITE_SET_TENCENT_VIDEO']",,720,,,,,1552323463,,PROMOTED_OBJECT_TYPE_APP_IOS,False,[],"{'image': 111225, 'description': '智商149卡在了39关，这款游戏太烧脑，你能过几关？', 'video': 111225, 'button_text': '下载游戏', 'title': '休闲好玩又刺激', 'brand': {'brand_name': 'N1计划', 'brand_img': 78613}}",OPTIMIZATIONGOAL_APP_ACTIVATE,BID_STRATEGY_AVERAGE_COST,24304,DEEP_CONVERSION_WORTH,,"{'goal': 'GOAL_1DAY_PURCHASE_ROAS', 'expected_roi': 0.012}",111111111111111111111111111111111111111111111111111111111111111111111111111111111111111111111111111111111100000000001111111111111111111111111111111111111100000000001111111111111111111111111111111111111111111111111111111111111111111111111111111111111111111111111111111111111111111111111111111111111111111111111111111111111111111111111111,"{'device_price': ['PRICE_4500_MORE', 'PRICE_3500_4500', 'PRICE_2500_3500'], 'app_install_status': ['NOT_INSTALLED'], 'gender': ['MALE'], 'game_consumption_level': None, 'age': [{'min': 20, 'max': 50}], 'network_type': None, 'excluded_converted_audience': {'conversion_behavior_list': ['OPTIMIZATIONGOAL_APP_ACTIVATE'], 'excluded_dimension': 'EXCLUDED_DIMENSION_APP'}, 'geo_location': {'regions': None, 'location_types': None}, 'intention': {'targeting_tags': [205]}, 'interest': {'category_id_list': [205], 'keyword_list': None}, 'behavior': [{'category_id_list': [85, 102, 203, 301, 205], 'intensity': ['BEHAVIOR_INTEREST_INTENSITY_ALL'], 'keyword_list': None, 'scene': ['BEHAVIOR_INTEREST_SCENE_ALL'], 'time_window': 'BEHAVIOR_INTEREST_TIME_WINDOW_SEVEN_DAY'}]}","11427,12063",13268,GDT,N1,2,True,2000
9559,40293,1001447,0,0,True,['age'],"['SITE_SET_QQ_MUSIC_GAME', 'SITE_SET_KANDIAN', 'SITE_SET_TENCENT_NEWS', 'SITE_SET_TENCENT_VIDEO']",,720,,,DOWNLOAD_NOW,,1552323463,,PROMOTED_OBJECT_TYPE_APP_IOS,False,[],"{'image': 121553, 'head_line': '超魔性策略小游戏，试试你能闯几关', 'end_page': {'end_page_desc': '无限游戏，休闲好玩又过瘾', 'end_page_type': 'END_PAGE_DESCRIPTION_HIGHLIGHT'}, 'description': '超魔性策略小游戏，试试你能闯几关', 'caption': '超魔性策略小游戏，试试你能闯几关', 'video': 121553, 'button_text': '立即下载', 'title': '无限游戏，休闲好玩又过瘾', 'brand': {'brand_name': 'N1计划', 'brand_img': 78613}}",OPTIMIZATIONGOAL_APP_ACTIVATE,BID_STRATEGY_AVERAGE_COST,23213,DEEP_CONVERSION_WORTH,,"{'goal': 'GOAL_1DAY_PURCHASE_ROAS', 'expected_roi': 0.012}",111111111111111111111111111111111111111111111111111111111111111111111111111111111111111111111111111111111100000000001111111111111111111111111111111111111100000000001111111111111111111111111111111111111111111111111111111111111111111111111111111111111111111111111111111111111111111111111111111111111111111111111111111111111111111111111111,"{'device_price': None, 'app_install_status': None, 'gender': ['MALE'], 'game_consumption_level': None, 'age': [{'min': 20, 'max': 50}], 'network_type': None, 'excluded_converted_audience': {'conversion_behavior_list': None, 'excluded_dimension': None}, 'geo_location': {'regions': None, 'location_types': None}, 'intention': {'targeting_tags': None}, 'interest': {'category_id_list': None, 'keyword_list': None}, 'behavior': [{'category_id_list': None, 'intensity': None, 'keyword_list': None, 'scene': None, 'time_window': None}]}","11427,12063",13268,GDT,N1,2,True,2000
9560,39700,1001447,0,0,False,[],"['SITE_SET_QQ_MUSIC_GAME', 'SITE_SET_KANDIAN', 'SITE_SET_TENCENT_NEWS', 'SITE_SET_TENCENT_VIDEO']",,720,,,,,1552323463,,PROMOTED_OBJECT_TYPE_APP_IOS,False,[],"{'image': 118674, 'description': '闯关逃生，智商170卡在35关，能过66关智商超200！', 'video': 118674, 'button_text': '立即下载', 'label': [{'content': '回合制'}, {'content': '放置'}, {'content': '对战卡牌类'}], 'title': '休闲又解压，玩一天都不腻', 'brand': {'brand_name': '绝地末日', 'brand_img': 101812}}",OPTIMIZATIONGOAL_APP_ACTIVATE,BID_STRATEGY_AVERAGE_COST,24495,DEEP_CONVERSION_WORTH,,"{'goal': 'GOAL_1DAY_PURCHASE_ROAS', 'expected_roi': 0.012}",111111111111111111111111111111111111111111111111111111111111111111111111111111111111111111111111111111111100000000001111111111111111111111111111111111111100000000001111111111111111111111111111111111111111111111111111111111111111111111111111111111111111111111111111111111111111111111111111111111111111111111111111111111111111111111111111,"{'device_price': None, 'app_install_status': None, 'gender': ['MALE'], 'game_consumption_level': None, 'age': [{'min': 20, 'max': 50}], 'network_type': None, 'excluded_converted_audience': {'conversion_behavior_list': None, 'excluded_dimension': None}, 'geo_location': {'regions': None, 'location_types': None}, 'intention': {'targeting_tags': None}, 'interest': {'category_id_list': None, 'keyword_list': None}, 'behavior': [{'category_id_list': None, 'intensity': None, 'keyword_list': None, 'scene': None, 'time_window': None}]}","11427,12063",13268,GDT,N1,2,True,2000
9560,39907,1001447,0,0,False,[],"['SITE_SET_QQ_MUSIC_GAME', 'SITE_SET_KANDIAN', 'SITE_SET_TENCENT_NEWS', 'SITE_SET_TENCENT_VIDEO']",,720,,,,,1552323463,,PROMOTED_OBJECT_TYPE_APP_IOS,False,[],"{'image': 119489, 'description': '闯关+逃生，没WiFi也能玩一天，试试你能过几关？', 'video': 119489, 'button_text': '下载游戏', 'title': '无限关卡，好玩又刺激', 'brand': {'brand_name': 'N1计划', 'brand_img': 78613}}",OPTIMIZATIONGOAL_APP_ACTIVATE,BID_STRATEGY_TARGET_COST,24532,DEEP_CONVERSION_WORTH,,"{'goal': 'GOAL_1DAY_PURCHASE_ROAS', 'expected_roi': 0.012}",111111111111111111111111111111111111111111111111111111111111111111111111111111111111111111111111111111111100000000001111111111111111111111111111111111111100000000001111111111111111111111111111111111111111111111111111111111111111111111111111111111111111111111111111111111111111111111111111111111111111111111111111111111111111111111111111,"{'device_price': None, 'app_install_status': ['NOT_INSTALLED'], 'gender': None, 'game_consumption_level': ['HIGH', 'NORMAL'], 'age': [{'min': 20, 'max': 50}], 'network_type': None, 'excluded_converted_audience': {'conversion_behavior_list': ['OPTIMIZATIONGOAL_APP_DOWNLOAD'], 'excluded_dimension': 'EXCLUDED_DIMENSION_APP'}, 'geo_location': {'regions': None, 'location_types': None}, 'intention': {'targeting_tags': None}, 'interest': {'category_id_list': None, 'keyword_list': None}, 'behavior': [{'category_id_list': None, 'intensity': None, 'keyword_list': None, 'scene': None, 'time_window': None}]}","11427,12063",13268,GDT,N1,2,True,2000
9560,39618,1001447,0,0,False,[],"['SITE_SET_QQ_MUSIC_GAME', 'SITE_SET_KANDIAN', 'SITE_SET_TENCENT_NEWS', 'SITE_SET_TENCENT_VIDEO']",,721,,,,,1552323463,,PROMOTED_OBJECT_TYPE_APP_IOS,False,[],"{'image': 118343, 'description': '朋友被我带入坑，没想到玩的比我还猛？！', 'video': 118343, 'button_text': '立即下载', 'title': '策略+生存，过20关都是人才！', 'brand': {'brand_name': 'N1计划', 'brand_img': 81958}}",OPTIMIZATIONGOAL_APP_ACTIVATE,BID_STRATEGY_AVERAGE_COST,23012,DEEP_CONVERSION_WORTH,,"{'goal': 'GOAL_1DAY_PURCHASE_ROAS', 'expected_roi': 0.012}",111111111111111111111111111111111111111111111111111111111111111111111111111111111111111111111111111111111100000000001111111111111111111111111111111111111100000000001111111111111111111111111111111111111111111111111111111111111111111111111111111111111111111111111111111111111111111111111111111111111111111111111111111111111111111111111111,"{'device_price': ['PRICE_2500_3500', 'PRICE_3500_4500', 'PRICE_4500_MORE'], 'app_install_status': ['NOT_INSTALLED'], 'gender': None, 'game_consumption_level': None, 'age': [{'min': 20, 'max': 50}], 'network_type': None, 'excluded_converted_audience': {'conversion_behavior_list': ['OPTIMIZATIONGOAL_APP_ACTIVATE'], 'excluded_dimension': 'EXCLUDED_DIMENSION_APP'}, 'geo_location': {'regions': None, 'location_types': None}, 'intention': {'targeting_tags': [205]}, 'interest': {'category_id_list': [301, 205, 16], 'keyword_list': None}, 'behavior': [{'category_id_list': [51, 85, 102, 809, 524, 812, 813, 817, 818, 827, 301, 38, 631, 632, 164, 16], 'intensity': ['BEHAVIOR_INTEREST_INTENSITY_ALL'], 'keyword_list': ['乘坐飞机', '保时捷', '凯迪拉克', '别墅', '大型飞机', '奔驰', '奥迪', '奥迪a6l', '奥迪q5', '宝马', '宝马汽车', '富豪', '度假', '无人飞机', '沃尔沃', '法拉利', '温泉', '港口', '特斯拉', '碧桂园', '豪华汽车', '豪华跑车', '豪车', '跑车', '车辆出口', '迈巴赫', '运输船', '远洋捕捞', '雷克萨斯', '飞行', '驾驶飞机'], 'scene': ['BEHAVIOR_INTEREST_SCENE_ALL'], 'time_window': 'BEHAVIOR_INTEREST_TIME_WINDOW_SEVEN_DAY'}]}","11427,12063",13268,GDT,N1,2,True,2000
9560,39183,1001447,0,0,False,[],"['SITE_SET_QQ_MUSIC_GAME', 'SITE_SET_KANDIAN', 'SITE_SET_TENCENT_NEWS', 'SITE_SET_TENCENT_VIDEO']",,720,,,,,1552323463,,PROMOTED_OBJECT_TYPE_APP_IOS,False,"['丧失', '末日', '绝地末日', '闯关', '策略']","{'image': 116308, 'description': '只需1根手指，没WiFi也能玩一天！', 'video': 116308, 'button_text': '立即试玩', 'title': '休闲又解压，玩一天都不腻', 'brand': {'brand_name': '黎明血战', 'brand_img': 120069}}",OPTIMIZATIONGOAL_APP_ACTIVATE,BID_STRATEGY_AVERAGE_COST,23323,DEEP_CONVERSION_WORTH,,"{'goal': 'GOAL_1DAY_PURCHASE_ROAS', 'expected_roi': 0.012}",111111111111111111111111111111111111111111111111111111111111111111111111111111111111111111111111111111111100000000001111111111111111111111111111111111111100000000001111111111111111111111111111111111111111111111111111111111111111111111111111111111111111111111111111111111111111111111111111111111111111111111111111111111111111111111111111,"{'device_price': None, 'app_install_status': ['NOT_INSTALLED'], 'gender': ['MALE'], 'game_consumption_level': ['HIGH', 'NORMAL'], 'age': [{'min': 20, 'max': 50}], 'network_type': None, 'excluded_converted_audience': {'conversion_behavior_list': ['OPTIMIZATIONGOAL_APP_ACTIVATE'], 'excluded_dimension': 'EXCLUDED_DIMENSION_APP'}, 'geo_location': {'regions': None, 'location_types': None}, 'intention': {'targeting_tags': None}, 'interest': {'category_id_list': None, 'keyword_list': None}, 'behavior': [{'category_id_list': None, 'intensity': None, 'keyword_list': None, 'scene': None, 'time_window': None}]}","11427,12063",13268,GDT,N1,2,True,2000
9560,38823,1001447,0,0,False,[],"['SITE_SET_QQ_MUSIC_GAME', 'SITE_SET_KANDIAN', 'SITE_SET_TENCENT_NEWS', 'SITE_SET_TENCENT_VIDEO']",,721,,,DOWNLOAD_NOW,,1552323463,,PROMOTED_OBJECT_TYPE_APP_IOS,False,[],"{'image': 114677, 'description': '闯关+逃生，没WiFi也能玩一天，试试你能过几关？', 'video': 114677, 'button_text': '立即试玩', 'title': '无限游戏，休闲好玩又刺激', 'brand': {'brand_name': '黎明血战', 'brand_img': 120069}}",OPTIMIZATIONGOAL_APP_ACTIVATE,BID_STRATEGY_AVERAGE_COST,24421,DEEP_CONVERSION_WORTH,,"{'goal': 'GOAL_1DAY_PURCHASE_ROAS', 'expected_roi': 0.012}",111111111111111111111111111111111111111111111111111111111111111111111111111111111111111111111111111111111100000000001111111111111111111111111111111111111100000000001111111111111111111111111111111111111111111111111111111111111111111111111111111111111111111111111111111111111111111111111111111111111111111111111111111111111111111111111111,"{'device_price': None, 'app_install_status': None, 'gender': ['MALE'], 'game_consumption_level': None, 'age': [{'min': 20, 'max': 50}], 'network_type': None, 'excluded_converted_audience': {'conversion_behavior_list': None, 'excluded_dimension': None}, 'geo_location': {'regions': None, 'location_types': None}, 'intention': {'targeting_tags': None}, 'interest': {'category_id_list': None, 'keyword_list': None}, 'behavior': [{'category_id_list': None, 'intensity': None, 'keyword_list': None, 'scene': None, 'time_window': None}]}","11427,12063",13268,GDT,N1,2,True,2000
9560,40339,1001447,0,0,False,[],"['SITE_SET_QQ_MUSIC_GAME', 'SITE_SET_KANDIAN', 'SITE_SET_TENCENT_NEWS', 'SITE_SET_TENCENT_VIDEO']",,720,,,,,1552323463,,PROMOTED_OBJECT_TYPE_APP_IOS,False,"['末日', '末世', '丧尸', '幸存', '美女', '长腿', '小姨子', '女忧', '豪车', '科技', '5G', '科普', '历史', '玄幻', '翻修', '游戏', '手游', '生化', '美胸', 'SM']","{'image': 121802, 'description': '闯关+逃生，没WiFi也能玩一天，试试你能过几关？', 'video': 121802, 'button_text': '下载游戏', 'title': '十分解压的休闲游戏！', 'brand': {'brand_name': 'n1计划', 'brand_img': 77752}}",OPTIMIZATIONGOAL_APP_ACTIVATE,BID_STRATEGY_AVERAGE_COST,24224,DEEP_CONVERSION_WORTH,,"{'goal': 'GOAL_1DAY_PURCHASE_ROAS', 'expected_roi': 0.012}",111111111111111111111111111111111111111111111111111111111111111111111111111111111111111111111111111111111100000000001111111111111111111111111111111111111100000000001111111111111111111111111111111111111111111111111111111111111111111111111111111111111111111111111111111111111111111111111111111111111111111111111111111111111111111111111111,"{'device_price': None, 'app_install_status': ['NOT_INSTALLED'], 'gender': None, 'game_consumption_level': ['HIGH', 'NORMAL'], 'age': [{'min': 20, 'max': 50}], 'network_type': None, 'excluded_converted_audience': {'conversion_behavior_list': ['OPTIMIZATIONGOAL_APP_ACTIVATE'], 'excluded_dimension': 'EXCLUDED_DIMENSION_APP'}, 'geo_location': {'regions': None, 'location_types': None}, 'intention': {'targeting_tags': None}, 'interest': {'category_id_list': None, 'keyword_list': None}, 'behavior': [{'category_id_list': None, 'intensity': None, 'keyword_list': None, 'scene': None, 'time_window': None}]}","11427,12063",13268,GDT,N1,2,True,2000
9560,38904,1001447,0,0,True,['age'],"['SITE_SET_QQ_MUSIC_GAME', 'SITE_SET_KANDIAN', 'SITE_SET_TENCENT_NEWS', 'SITE_SET_TENCENT_VIDEO']",,720,,,,,1552323463,,PROMOTED_OBJECT_TYPE_APP_IOS,False,[],"{'image': 115032, 'description': '超魔性策略小游戏，试试你能闯几关', 'video': 115032, 'button_text': '立即下载', 'title': '无限游戏，休闲好玩又刺激', 'brand': {'brand_name': 'N1计划', 'brand_img': 78613}}",OPTIMIZATIONGOAL_APP_ACTIVATE,BID_STRATEGY_AVERAGE_COST,24353,DEEP_CONVERSION_WORTH,,"{'goal': 'GOAL_1DAY_PURCHASE_ROAS', 'expected_roi': 0.012}",111111111111111111111111111111111111111111111111111111111111111111111111111111111111111111111111111111111100000000001111111111111111111111111111111111111100000000001111111111111111111111111111111111111111111111111111111111111111111111111111111111111111111111111111111111111111111111111111111111111111111111111111111111111111111111111111,"{'device_price': None, 'app_install_status': None, 'gender': ['MALE'], 'game_consumption_level': None, 'age': [{'min': 20, 'max': 50}], 'network_type': None, 'excluded_converted_audience': {'conversion_behavior_list': None, 'excluded_dimension': None}, 'geo_location': {'regions': None, 'location_types': None}, 'intention': {'targeting_tags': None}, 'interest': {'category_id_list': None, 'keyword_list': None}, 'behavior': [{'category_id_list': None, 'intensity': None, 'keyword_list': None, 'scene': None, 'time_window': None}]}","11427,12063",13268,GDT,N1,2,True,2000
9560,40202,1001447,0,0,False,[],"['SITE_SET_QQ_MUSIC_GAME', 'SITE_SET_KANDIAN', 'SITE_SET_TENCENT_NEWS', 'SITE_SET_TENCENT_VIDEO']",,721,,,,,1552323463,,PROMOTED_OBJECT_TYPE_APP_IOS,False,[],"{'image': 121043, 'description': '朋友被我带入坑，没想到玩的比我还猛？！', 'video': 121043, 'button_text': '立即下载', 'title': '策略+生存，过20关都是人才！', 'brand': {'brand_name': 'N1计划', 'brand_img': 81958}}",OPTIMIZATIONGOAL_APP_ACTIVATE,BID_STRATEGY_AVERAGE_COST,23489,DEEP_CONVERSION_WORTH,,"{'goal': 'GOAL_1DAY_PURCHASE_ROAS', 'expected_roi': 0.012}",111111111111111111111111111111111111111111111111111111111111111111111111111111111111111111111111111111111100000000001111111111111111111111111111111111111100000000001111111111111111111111111111111111111111111111111111111111111111111111111111111111111111111111111111111111111111111111111111111111111111111111111111111111111111111111111111,"{'device_price': None, 'app_install_status': None, 'gender': ['MALE'], 'game_consumption_level': None, 'age': [{'min': 20, 'max': 50}], 'network_type': None, 'excluded_converted_audience': {'conversion_behavior_list': ['OPTIMIZATIONGOAL_APP_DOWNLOAD'], 'excluded_dimension': 'EXCLUDED_DIMENSION_COMPANY_ACCOUNT'}, 'geo_location': {'regions': None, 'location_types': None}, 'intention': {'targeting_tags': None}, 'interest': {'category_id_list': [205], 'keyword_list': None}, 'behavior': [{'category_id_list': [124, 301, 205, 164, 16], 'intensity': ['BEHAVIOR_INTEREST_INTENSITY_ALL'], 'keyword_list': None, 'scene': ['BEHAVIOR_INTEREST_SCENE_ALL'], 'time_window': 'BEHAVIOR_INTEREST_TIME_WINDOW_SEVEN_DAY'}]}","11427,12063",13268,GDT,N1,2,True,2000
