ad_account_id,game_id,channel_id,source_id,budget_mode,create_time,optimization_goal,time_series,bid_strategy,bid_amount,daily_budget,expand_enabled,expand_targeting,app_install_status,gender,game_consumption_level,age,network_type,deep_conversion_type,deep_conversion_behavior_spec,deep_conversion_worth_spec,intention_targeting_tags,interest_category_id_list,interest_keyword_list,behavior_category_id_list,behavior_intensity,behavior_keyword_list,behavior_scene,behavior_time_window,conversion_behavior_list,excluded_dimension,location_types,regions,device_price,image_id,deep_link_url,adcreative_template_id,page_spec,page_type,site_set,label,promoted_object_id,promoted_object_type,automatic_site_enabled,link_name_type,link_page_type,profile_id,link_page_spec,adcreative_elements,label_ids,tdate,amount,new_role_money,roi,pay_rate
6473,1001447,21246,1029606,0,2021-09-30 10:49:32,OPTIMIZATIONGOAL_APP_ACTIVATE,111111111111111111111111111111111111111111111111111111111111111111111111111111111111111111111111111111111111111111111111111111111111111111111111111111111111111111111111111111111111111111111111111111111111111111111111111111111111111111111111111111111111111111111111111111111111111111111111111111111111111111111111111111111111111111111111,BID_STRATEGY_AVERAGE_COST,11541,0,False,[],['NOT_INSTALLED'],,,"[{'min': 24, 'max': 66}]",,DEEP_CONVERSION_WORTH,,"{'goal': 'GOAL_1DAY_PURCHASE_ROAS', 'expected_roi': 0.022}",[205],"[301, 205, 16]",,"[51, 85, 102, 809, 524, 812, 813, 817, 818, 827, 301, 38, 631, 632, 164]",['BEHAVIOR_INTEREST_INTENSITY_ALL'],"['豪华跑车', '迈巴赫', '保时捷', '跑车', '法拉利', '豪车', '特斯拉', '豪华汽车', '奔驰', '奥迪', '宝马', '沃尔沃', '凯迪拉克', '雷克萨斯', '宝马汽车', '奥迪q5', '奥迪a6l', '别墅', '度假', '碧桂园', '富豪', '温泉', '大型飞机', '飞行', '无人飞机', '驾驶飞机', '乘坐飞机', '远洋捕捞', '运输船', '港口', '车辆出口']",['BEHAVIOR_INTEREST_SCENE_ALL'],BEHAVIOR_INTEREST_TIME_WINDOW_SEVEN_DAY,['OPTIMIZATIONGOAL_APP_ACTIVATE'],EXCLUDED_DIMENSION_APP,,,,39030,,720,,PAGE_TYPE_DEFAULT,"['SITE_SET_QQ_MUSIC_GAME', 'SITE_SET_KANDIAN', 'SITE_SET_TENCENT_NEWS', 'SITE_SET_TENCENT_VIDEO', 'SITE_SET_MOBILE_UNION']","['末日', '末世', '丧尸', '幸存', '美女', '长腿', '小姨子', '女忧', '豪车', '科技', '5G', '科普', '历史', '玄幻', '翻修', '游戏', '手游', '生化', '美胸', 'SM']",1552323463,PROMOTED_OBJECT_TYPE_APP_IOS,False,,,,,"{'image': 115630, 'description': '智商149卡在了39关，这款游戏太烧脑，你能过几关？', 'video': 115630, 'button_text': '立即领取', 'title': '休闲又解压，玩了一天都不腻！', 'brand': {'brand_name': 'n1计划', 'brand_img': 78613}}",20,2021-10-06,1038.71,98.0,0.094348,0.125
6473,1001447,21246,1043799,0,2021-10-03 11:04:32,OPTIMIZATIONGOAL_APP_ACTIVATE,111111111111111111111111111111111111111111111111111111111111111111111111111111111111111111111111111111111111111111111111111111111111111111111111111111111111000000001111111111111111111111111111111111111111111111111111111111111111111111111111111111111111111111111111111111111111111111111111111111111111111111111111111111111111111111111111,BID_STRATEGY_AVERAGE_COST,12271,0,False,[],['NOT_INSTALLED'],,,"[{'min': 25, 'max': 66}]",,DEEP_CONVERSION_WORTH,,"{'goal': 'GOAL_1DAY_PURCHASE_ROAS', 'expected_roi': 0.022}",[205],[205],,"[85, 102, 809, 524, 522, 812, 814, 817, 818, 827, 301, 38, 631, 632, 392]",['BEHAVIOR_INTEREST_INTENSITY_ALL'],"['pcgs评级币', '中国工艺品', '乘坐飞机', '二轮生肖纪念币', '住宅', '保时捷', '养老院', '凯迪拉克', '出土', '别墅', '博物馆', '厦门港', '古玉器', '古玩古钱币', '古玩收藏', '古董工艺品', '大型飞机', '太空飞机', '奔驰', '奥运纪念章', '奥迪', '奥迪a6l', '奥迪q5', '宋代瓷器', '宗教工艺品', '宝马', '宝马汽车', '富豪', '工艺陶瓷', '度假', '开盘', '徐悲鸿十二生肖', '手工工艺品', '手工泥塑', '拍卖', '收藏字画', '故宫博物院', '散装货船', '文物', '文玩', '文玩古董', '无人飞机', '普通邮票', '木制工艺品', '核桃', '民族特色手工艺', '民间布艺', '沃尔沃', '法拉利', '清代瓷器', '温泉', '港口', '滚装船', '特斯拉', '特种邮票', '特色创意', '玉器古董', '现代钱币', '珍藏邮票', '电站设备', '碧桂园', '竹编篮子', '红色邮票', '纪念币', '编年邮票小型张', '航天币', '航空客机', '航空飞行器', '船用', '船舶租赁', '装饰工艺', '证券', '豪华汽车', '豪华跑车', '豪宅', '豪车', '跑车', '车辆出口', '迈巴赫', '运输船', '远洋捕捞', '邮币世界', '邮票价格查询', '邮票册', '邮票套装', '邮票珍藏册', '邮票纪念册', '邮票集', '陶瓷', '集邮册', '雷克萨斯', '飞机飞行', '飞行', '飞行器', '驾驶飞机', '龙纹']",['BEHAVIOR_INTEREST_SCENE_ALL'],BEHAVIOR_INTEREST_TIME_WINDOW_SEVEN_DAY,,,,,,39307,,720,,PAGE_TYPE_DEFAULT,"['SITE_SET_QQ_MUSIC_GAME', 'SITE_SET_KANDIAN', 'SITE_SET_TENCENT_NEWS', 'SITE_SET_TENCENT_VIDEO', 'SITE_SET_MOBILE_UNION']","['末日', '末世', '丧尸', '幸存', '美女', '长腿', '小姨子', '女忧', '豪车', '科技', '5G', '科普', '历史', '玄幻', '翻修', '游戏', '手游', '生化', '美胸', 'SM']",1552323463,PROMOTED_OBJECT_TYPE_APP_IOS,False,,,,,"{'image': 116881, 'description': '智商149卡在了39关，这款游戏太烧脑，你能过几关？', 'video': 116881, 'button_text': '立即领取', 'title': '超好玩的闯关游戏，减压又过瘾', 'brand': {'brand_name': 'n1计划', 'brand_img': 77752}}","20,149",2021-10-04,4404.75,220.0,0.049946,0.08
6473,1001447,21246,1043803,0,2021-10-03 11:04:32,OPTIMIZATIONGOAL_APP_ACTIVATE,111111111111111111111111111111111111111111111111111111111111111111111111111111111111111111111111111111111111111111111111111111111111111111111111111111111111000000001111111111111111111111111111111111111111111111111111111111111111111111111111111111111111111111111111111111111111111111111111111111111111111111111111111111111111111111111111,BID_STRATEGY_AVERAGE_COST,12701,0,False,[],['NOT_INSTALLED'],,,"[{'min': 26, 'max': 66}]",,DEEP_CONVERSION_WORTH,,"{'goal': 'GOAL_1DAY_PURCHASE_ROAS', 'expected_roi': 0.022}",[205],"[301, 205, 16]",,"[14, 51, 85, 102, 809, 817, 818, 827, 301, 38, 631, 632]",['BEHAVIOR_INTEREST_INTENSITY_ALL'],"['乘坐飞机', '保时捷', '养车', '凯迪拉克', '别墅', '大型飞机', '奔驰', '奥迪', '奥迪a6l', '奥迪q5', '宝马', '宝马汽车', '富豪', '度假', '散装货船', '无人飞机', '沃尔沃', '法拉利', '洗车', '温泉', '港口', '特斯拉', '碧桂园', '航空客机', '航空飞行器', '豪华汽车', '豪华跑车', '豪宅', '豪车', '跑车', '车辆出口', '迈巴赫', '运输船', '远洋捕捞', '雷克萨斯', '飞机飞行', '飞行器']",['BEHAVIOR_INTEREST_SCENE_ALL'],BEHAVIOR_INTEREST_TIME_WINDOW_SEVEN_DAY,['OPTIMIZATIONGOAL_APP_ACTIVATE'],EXCLUDED_DIMENSION_APP,,,,39377,,720,,PAGE_TYPE_DEFAULT,"['SITE_SET_QQ_MUSIC_GAME', 'SITE_SET_KANDIAN', 'SITE_SET_TENCENT_NEWS', 'SITE_SET_TENCENT_VIDEO', 'SITE_SET_MOBILE_UNION']","['末日', '末世', '丧尸', '幸存', '美女', '长腿', '小姨子', '女忧', '豪车', '科技', '5G', '科普', '历史', '玄幻', '翻修', '游戏', '手游', '生化', '美胸', 'SM']",1552323463,PROMOTED_OBJECT_TYPE_APP_IOS,False,,,,,"{'image': 117161, 'description': '智商149卡在了39关，这款游戏太烧脑，你能过几关？', 'video': 117161, 'button_text': '立即领取', 'title': '超好玩的闯关游戏，减压又过瘾', 'brand': {'brand_name': 'n1计划', 'brand_img': 77752}}",20,2021-10-03,3234.15,72.0,0.022262,0.0476
6473,1001447,21246,1049565,0,2021-10-06 14:05:21,OPTIMIZATIONGOAL_APP_ACTIVATE,111111111111111111111111111111111111111111111111111111111111111111111111111111111111111111111111111111111111111111111111111111111111111111111111111111111111000000001111111111111111111111111111111111111111111111111111111111111111111111111111111111111111111111111111111111111111111111111111111111111111111111111111111111111111111111111111,BID_STRATEGY_AVERAGE_COST,13437,0,False,[],['NOT_INSTALLED'],,,"[{'min': 24, 'max': 66}]",,DEEP_CONVERSION_WORTH,,"{'goal': 'GOAL_1DAY_PURCHASE_ROAS', 'expected_roi': 0.022}",[205],"[301, 205, 16]",,"[197, 51, 85, 102, 809, 524, 812, 813, 817, 818, 827, 301, 38, 631, 632, 164]",['BEHAVIOR_INTEREST_INTENSITY_ALL'],"['乘坐飞机', '保时捷', '凯迪拉克', '别墅', '大型飞机', '奔驰', '奥迪', '奥迪a6l', '奥迪q5', '宝马', '宝马汽车', '富豪', '度假', '无人飞机', '沃尔沃', '法拉利', '温泉', '港口', '特斯拉', '碧桂园', '豪华汽车', '豪华跑车', '豪车', '跑车', '车辆出口', '迈巴赫', '运输船', '远洋捕捞', '雷克萨斯', '飞行', '驾驶飞机']",['BEHAVIOR_INTEREST_SCENE_ALL'],BEHAVIOR_INTEREST_TIME_WINDOW_SEVEN_DAY,['OPTIMIZATIONGOAL_APP_ACTIVATE'],EXCLUDED_DIMENSION_APP,,,,39427,,720,,PAGE_TYPE_DEFAULT,"['SITE_SET_QQ_MUSIC_GAME', 'SITE_SET_KANDIAN', 'SITE_SET_TENCENT_NEWS', 'SITE_SET_TENCENT_VIDEO', 'SITE_SET_MOBILE_UNION']","['末日', '末世', '丧尸', '幸存', '美女', '长腿', '小姨子', '女忧', '豪车', '科技', '5G', '科普', '历史', '玄幻', '翻修', '游戏', '手游', '生化', '美胸', 'SM']",1552323463,PROMOTED_OBJECT_TYPE_APP_IOS,False,,,,,"{'image': 117383, 'description': '智商149卡在了39关，这款游戏太烧脑，你能过几关？', 'video': 117383, 'button_text': '立即下载', 'title': '休闲又解压，玩了一天都不腻！', 'brand': {'brand_name': 'n1计划', 'brand_img': 78613}}",20,2021-10-07,7266.31,158.0,0.021744,0.037
6473,1001447,21246,1049568,0,2021-10-06 14:05:21,OPTIMIZATIONGOAL_APP_ACTIVATE,111111111111111111111111111111111111111111111111111111111111111111111111111111111111111111111111111111111111111111111111111111111111111111111111111111111111000000001111111111111111111111111111111111111111111111111111111111111111111111111111111111111111111111111111111111111111111111111111111111111111111111111111111111111111111111111111,BID_STRATEGY_AVERAGE_COST,12034,0,False,[],['NOT_INSTALLED'],,,"[{'min': 24, 'max': 66}]",,DEEP_CONVERSION_WORTH,,"{'goal': 'GOAL_1DAY_PURCHASE_ROAS', 'expected_roi': 0.03}",[205],"[301, 205, 16]",,"[197, 51, 85, 102, 809, 524, 812, 813, 817, 818, 827, 301, 38, 631, 632, 164]",['BEHAVIOR_INTEREST_INTENSITY_ALL'],"['乘坐飞机', '保时捷', '凯迪拉克', '别墅', '大型飞机', '奔驰', '奥迪', '奥迪a6l', '奥迪q5', '宝马', '宝马汽车', '富豪', '度假', '无人飞机', '沃尔沃', '法拉利', '温泉', '港口', '特斯拉', '碧桂园', '豪华汽车', '豪华跑车', '豪车', '跑车', '车辆出口', '迈巴赫', '运输船', '远洋捕捞', '雷克萨斯', '飞行', '驾驶飞机']",['BEHAVIOR_INTEREST_SCENE_ALL'],BEHAVIOR_INTEREST_TIME_WINDOW_SEVEN_DAY,['OPTIMIZATIONGOAL_APP_ACTIVATE'],EXCLUDED_DIMENSION_APP,,,,39377,,720,,PAGE_TYPE_DEFAULT,"['SITE_SET_QQ_MUSIC_GAME', 'SITE_SET_KANDIAN', 'SITE_SET_TENCENT_NEWS', 'SITE_SET_TENCENT_VIDEO', 'SITE_SET_MOBILE_UNION']","['末日', '末世', '丧尸', '幸存', '美女', '长腿', '小姨子', '女忧', '豪车', '科技', '5G', '科普', '历史', '玄幻', '翻修', '游戏', '手游', '生化', '美胸', 'SM']",1552323463,PROMOTED_OBJECT_TYPE_APP_IOS,False,,,,,"{'image': 117161, 'description': '智商149卡在了39关，这款游戏太烧脑，你能过几关？', 'video': 117161, 'button_text': '立即下载', 'title': '休闲又解压，玩了一天都不腻！', 'brand': {'brand_name': 'n1计划', 'brand_img': 78613}}",20,2021-10-06,4197.07,140.0,0.033357,0.0444
6489,1001447,20143,1005938,0,2021-09-27 11:24:12,OPTIMIZATIONGOAL_APP_ACTIVATE,111111111111111111111111111111111111111111111111111111111111111111111111111111111111111111111111111111111111000000000111111111111111111111111111111111111111000000000111111111111111111111111111111111111111111111111111111111111111111111111111111111111111111111111111111111111111111111111111111111111111111111111111111111111111111111111111,BID_STRATEGY_AVERAGE_COST,14636,0,False,[],['NOT_INSTALLED'],['MALE'],,"[{'min': 24, 'max': 60}]",,DEEP_CONVERSION_WORTH,,"{'goal': 'GOAL_1DAY_PURCHASE_ROAS', 'expected_roi': 0.019}",[205],"[38, 631, 632]",,"[163, 85, 102, 809, 38, 72, 162]",['BEHAVIOR_INTEREST_INTENSITY_ALL'],"['世界末日', '中土世界', '凯迪拉克', '奔驰', '奥迪', '宝马', '末日', '末日世界', '末日浩劫', '沃尔沃', '豪华车', '雷克萨斯', '魔鬼末日']",['BEHAVIOR_INTEREST_SCENE_ALL'],BEHAVIOR_INTEREST_TIME_WINDOW_THIRTY_DAY,['OPTIMIZATIONGOAL_APP_DOWNLOAD'],EXCLUDED_DIMENSION_APP,,,,36075,,721,"{'override_canvas_head_option': 'OPTION_CREATIVE_OVERRIDE_CANVAS', 'page_id': 2245140864}",PAGE_TYPE_CANVAS_WECHAT,['SITE_SET_MOMENTS'],,1552323463,PROMOTED_OBJECT_TYPE_APP_IOS,False,DOWNLOAD_APP,LINK_PAGE_TYPE_DEFAULT,501475,,"{'video': 104956, 'title': '朋友被我带入坑，玩得比我还猛！'}",20,2021-10-03,2580.49,110.0,0.042628,0.1111
6489,1001446,20143,1043594,0,2021-10-03 10:06:18,OPTIMIZATIONGOAL_APP_ACTIVATE,111111111111111111111111111111111111111111111111111111111111111111111111111111111111111111111111111111111111100000001111111111111111111111111111111111111111100000001111111111111111111111111111111111111111111111111111111111111111111111111111111111111111111111111111111111111111111111111111111111111111111111111111111111111111111111111111,BID_STRATEGY_AVERAGE_COST,8997,0,False,[],['NOT_INSTALLED'],['MALE'],"['HIGH', 'NORMAL']","[{'min': 26, 'max': 66}]",,DEEP_CONVERSION_WORTH,,"{'goal': 'GOAL_1DAY_PURCHASE_ROAS', 'expected_roi': 0.022}",[205],[205],,"[38, 631, 632]",['BEHAVIOR_INTEREST_INTENSITY_ALL'],,['BEHAVIOR_INTEREST_SCENE_ALL'],BEHAVIOR_INTEREST_TIME_WINDOW_SEVEN_DAY,['OPTIMIZATIONGOAL_APP_ACTIVATE'],EXCLUDED_DIMENSION_APP,,,,38652,,720,,PAGE_TYPE_DEFAULT,"['SITE_SET_QQ_MUSIC_GAME', 'SITE_SET_KANDIAN', 'SITE_SET_TENCENT_NEWS', 'SITE_SET_TENCENT_VIDEO', 'SITE_SET_MOBILE_UNION']","['丧尸', '末日', '礼包', '氪金', 'ssr', '宝马', '奔驰', '法拉利', '高尔夫', '足球']",1573087927,PROMOTED_OBJECT_TYPE_APP_IOS,False,,,,,"{'image': 114041, 'description': '智商149卡在了39关，这款游戏太烧脑，你能过几关？', 'video': 114041, 'button_text': '立即下载', 'title': '无限关卡游戏，休闲不伤脑！', 'brand': {'brand_name': '幸存挑战', 'brand_img': 112395}}",20,2021-10-06,397.69,98.0,0.246423,1.0
6549,1001447,21329,1025356,0,2021-09-29 17:52:17,OPTIMIZATIONGOAL_APP_ACTIVATE,111111111111111111111111111111111111111111111111111111111111111111111111111111111111111111111111111111111111111111111111111111111111111111111111111111111111111111111111111111111111111111111111000000000000011111111111111111111111111111111111111111111111111111111111111111111111111111111111111111111111111111111111111111111111111111111111,BID_STRATEGY_AVERAGE_COST,12916,0,False,[],['NOT_INSTALLED'],['MALE'],,"[{'min': 23, 'max': 49}]",,DEEP_CONVERSION_WORTH,,"{'goal': 'GOAL_1DAY_PURCHASE_ROAS', 'expected_roi': 0.02}",,,,,,,,,['OPTIMIZATIONGOAL_APP_DOWNLOAD'],EXCLUDED_DIMENSION_APP,,,,36930,,720,,PAGE_TYPE_DEFAULT,"['SITE_SET_QQ_MUSIC_GAME', 'SITE_SET_KANDIAN', 'SITE_SET_TENCENT_NEWS', 'SITE_SET_TENCENT_VIDEO', 'SITE_SET_MOBILE_UNION']",[],1552323463,PROMOTED_OBJECT_TYPE_APP_IOS,False,,,,,"{'image': 105451, 'description': '只用一根手指，没有wifi也能玩一天！', 'video': 105451, 'button_text': '下载游戏', 'title': '休闲好玩又刺激', 'brand': {'brand_name': 'N1计划', 'brand_img': 77752}}",20,2021-10-02,1966.52,178.0,0.090515,0.1111
6688,1001447,21329,1024099,0,2021-09-29 16:36:12,OPTIMIZATIONGOAL_FIRST_PURCHASE,111111111111111111111111111111111111111111111111111111111111111111111111111111111111111111111111111111111111111111111111111111111111111111111111111111111111111111111111111111111111111111111111000000000000011111111111111111111111111111111111111111111111111111111111111111111111111111111111111111111111111111111111111111111111111111111111,BID_STRATEGY_AVERAGE_COST,412128,0,False,[],['NOT_INSTALLED'],,,"[{'min': 23, 'max': 52}]",,,,,[205],"[157, 205]",,"[157, 301, 205]",['BEHAVIOR_INTEREST_INTENSITY_ALL'],,['BEHAVIOR_INTEREST_SCENE_ALL'],BEHAVIOR_INTEREST_TIME_WINDOW_SEVEN_DAY,['OPTIMIZATIONGOAL_APP_DOWNLOAD'],EXCLUDED_DIMENSION_APP,,,,38835,,720,,PAGE_TYPE_DEFAULT,"['SITE_SET_QQ_MUSIC_GAME', 'SITE_SET_KANDIAN', 'SITE_SET_TENCENT_NEWS', 'SITE_SET_TENCENT_VIDEO', 'SITE_SET_MOBILE_UNION']",[],1552323463,PROMOTED_OBJECT_TYPE_APP_IOS,False,,,,,"{'image': 114736, 'description': '智商149卡在了39关，这款游戏太烧脑，你能过几关？', 'video': 114736, 'button_text': '下载游戏', 'title': '休闲好玩又刺激', 'brand': {'brand_name': 'N1计划', 'brand_img': 77752}}",20,2021-10-03,2152.86,758.0,0.35209,0.0833
6688,1001447,21329,1024112,0,2021-09-29 16:36:12,OPTIMIZATIONGOAL_FIRST_PURCHASE,111111111111111111111111111111111111111111111111111111111111111111111111111111111111111111111111111111111111111111111111111111111111111111111111111111111111111111111111111111111111111111111111000000000000011111111111111111111111111111111111111111111111111111111111111111111111111111111111111111111111111111111111111111111111111111111111,BID_STRATEGY_AVERAGE_COST,410745,0,False,[],['NOT_INSTALLED'],,,"[{'min': 23, 'max': 52}]",,,,,[205],"[157, 205]",,"[157, 301, 205]",['BEHAVIOR_INTEREST_INTENSITY_ALL'],,['BEHAVIOR_INTEREST_SCENE_ALL'],BEHAVIOR_INTEREST_TIME_WINDOW_SEVEN_DAY,['OPTIMIZATIONGOAL_APP_DOWNLOAD'],EXCLUDED_DIMENSION_APP,,,,37791,,720,,PAGE_TYPE_DEFAULT,"['SITE_SET_QQ_MUSIC_GAME', 'SITE_SET_KANDIAN', 'SITE_SET_TENCENT_NEWS', 'SITE_SET_TENCENT_VIDEO', 'SITE_SET_MOBILE_UNION']",[],1552323463,PROMOTED_OBJECT_TYPE_APP_IOS,False,,,,,"{'image': 109556, 'description': '智商149卡在了39关，这款游戏太烧脑，你能过几关？', 'video': 109556, 'button_text': '下载游戏', 'title': '休闲好玩又刺激', 'brand': {'brand_name': 'N1计划', 'brand_img': 77752}}",20,2021-10-02,3738.11,640.0,0.17121,0.011
6690,1001447,20143,1005943,0,2021-09-27 11:24:12,OPTIMIZATIONGOAL_APP_ACTIVATE,111111111111111111111111111111111111111111111111111111111111111111111111111111111111111111111111111111111111000000000111111111111111111111111111111111111111000000000111111111111111111111111111111111111111111111111111111111111111111111111111111111111111111111111111111111111111111111111111111111111111111111111111111111111111111111111111,BID_STRATEGY_AVERAGE_COST,14643,0,True,['age'],['NOT_INSTALLED'],['MALE'],,"[{'min': 25, 'max': 66}]",,DEEP_CONVERSION_WORTH,,"{'goal': 'GOAL_1DAY_PURCHASE_ROAS', 'expected_roi': 0.019}",[205],"[301, 205]",,"[51, 85, 102, 203, 38, 631, 632]",['BEHAVIOR_INTEREST_INTENSITY_ALL'],"['保时捷', '凯迪拉克', '奔驰', '奥迪', '宝马', '本田', '沃尔沃', '法拉利', '豪车', '跑车', '迈巴赫']",['BEHAVIOR_INTEREST_SCENE_ALL'],BEHAVIOR_INTEREST_TIME_WINDOW_SEVEN_DAY,['OPTIMIZATIONGOAL_APP_ACTIVATE'],EXCLUDED_DIMENSION_APP,,,,38868,,721,"{'override_canvas_head_option': 'OPTION_CREATIVE_OVERRIDE_CANVAS', 'page_id': 2245140961}",PAGE_TYPE_CANVAS_WECHAT,['SITE_SET_MOMENTS'],,1552323463,PROMOTED_OBJECT_TYPE_APP_IOS,False,DOWNLOAD_APP,LINK_PAGE_TYPE_DEFAULT,501472,,"{'video': 114852, 'title': '朋友被我带入坑，玩得比我还猛！'}",20,2021-10-02,8526.52,458.0,0.053715,0.0656
6690,1001447,20143,1049625,0,2021-10-06 14:10:33,OPTIMIZATIONGOAL_APP_ACTIVATE,111111111111111111111111111111111111111111111111111111111111111111111111111111111111111111111111111111111111000000000111111111111111111111111111111111111111000000000111111111111111111111111111111111111111111111111111111111111111111111111111111111111111111111111111111111111111111111111111111111111111111111111111111111111111111111111111,BID_STRATEGY_AVERAGE_COST,11520,0,False,[],['NOT_INSTALLED'],['MALE'],,"[{'min': 24, 'max': 59}]",,DEEP_CONVERSION_WORTH,,"{'goal': 'GOAL_1DAY_PURCHASE_ROAS', 'expected_roi': 0.02}",,,,,,,,,,,,,,38396,,720,,PAGE_TYPE_DEFAULT,"['SITE_SET_QQ_MUSIC_GAME', 'SITE_SET_KANDIAN', 'SITE_SET_TENCENT_NEWS', 'SITE_SET_TENCENT_VIDEO', 'SITE_SET_MOBILE_UNION']",[],1552323463,PROMOTED_OBJECT_TYPE_APP_IOS,False,,,,,"{'image': 113497, 'description': '无限关卡游戏，惊险又刺激！', 'video': 113497, 'button_text': '立即下载', 'title': 'N1计划', 'brand': {'brand_name': 'N1计划', 'brand_img': 77752}}",20,2021-10-07,10999.78,5468.0,0.497101,0.0192
6690,1001447,20143,1049619,0,2021-10-06 14:10:34,OPTIMIZATIONGOAL_APP_ACTIVATE,111111111111111111111111111111111111111111111111111111111111111111111111111111111111111111111111111111111111000000000111111111111111111111111111111111111111000000000111111111111111111111111111111111111111111111111111111111111111111111111111111111111111111111111111111111111111111111111111111111111111111111111111111111111111111111111111,BID_STRATEGY_AVERAGE_COST,13130,0,False,[],['NOT_INSTALLED'],['MALE'],,"[{'min': 24, 'max': 59}]",,DEEP_CONVERSION_WORTH,,"{'goal': 'GOAL_1DAY_PURCHASE_ROAS', 'expected_roi': 0.02}",,,,,,,,,,,,,,39138,,720,,PAGE_TYPE_DEFAULT,"['SITE_SET_QQ_MUSIC_GAME', 'SITE_SET_KANDIAN', 'SITE_SET_TENCENT_NEWS', 'SITE_SET_TENCENT_VIDEO', 'SITE_SET_MOBILE_UNION']",[],1552323463,PROMOTED_OBJECT_TYPE_APP_IOS,False,,,,,"{'image': 116112, 'description': '无限关卡游戏，惊险又刺激！', 'video': 116112, 'button_text': '立即下载', 'title': 'N1计划', 'brand': {'brand_name': 'N1计划', 'brand_img': 77752}}",20,2021-10-07,1412.22,86.0,0.060897,0.1
6690,1001447,20143,1049623,0,2021-10-06 14:10:34,OPTIMIZATIONGOAL_APP_ACTIVATE,111111111111111111111111111111111111111111111111111111111111111111111111111111111111111111111111111111111111000000000111111111111111111111111111111111111111000000000111111111111111111111111111111111111111111111111111111111111111111111111111111111111111111111111111111111111111111111111111111111111111111111111111111111111111111111111111,BID_STRATEGY_AVERAGE_COST,13198,0,False,[],['NOT_INSTALLED'],['MALE'],,"[{'min': 24, 'max': 59}]",,DEEP_CONVERSION_WORTH,,"{'goal': 'GOAL_1DAY_PURCHASE_ROAS', 'expected_roi': 0.02}",,,,,,,,,,,,,,39117,,720,,PAGE_TYPE_DEFAULT,"['SITE_SET_QQ_MUSIC_GAME', 'SITE_SET_KANDIAN', 'SITE_SET_TENCENT_NEWS', 'SITE_SET_TENCENT_VIDEO', 'SITE_SET_MOBILE_UNION']",[],1552323463,PROMOTED_OBJECT_TYPE_APP_IOS,False,,,,,"{'image': 115950, 'description': '无限关卡游戏，惊险又刺激！', 'video': 115950, 'button_text': '立即下载', 'title': 'N1计划', 'brand': {'brand_name': 'N1计划', 'brand_img': 77752}}",20,2021-10-07,3566.27,152.0,0.042622,0.1667
7025,1001447,21246,1043753,0,2021-10-03 11:04:20,OPTIMIZATIONGOAL_APP_ACTIVATE,111111111111111111111111111111111111111111111111111111111111111111111111111111111111111111111111111111111111111111111111111111111111111111111111111111111111000000001111111111111111111111111111111111111111111111111111111111111111111111111111111111111111111111111111111111111111111111111111111111111111111111111111111111111111111111111111,BID_STRATEGY_AVERAGE_COST,11993,0,False,[],['NOT_INSTALLED'],,,"[{'min': 25, 'max': 66}]",,DEEP_CONVERSION_WORTH,,"{'goal': 'GOAL_1DAY_PURCHASE_ROAS', 'expected_roi': 0.022}",[205],[205],,"[85, 102, 809, 524, 522, 812, 814, 817, 818, 827, 301, 38, 631, 632, 392]",['BEHAVIOR_INTEREST_INTENSITY_ALL'],"['pcgs评级币', '中国工艺品', '乘坐飞机', '二轮生肖纪念币', '住宅', '保时捷', '养老院', '凯迪拉克', '出土', '别墅', '博物馆', '厦门港', '古玉器', '古玩古钱币', '古玩收藏', '古董工艺品', '大型飞机', '太空飞机', '奔驰', '奥运纪念章', '奥迪', '奥迪a6l', '奥迪q5', '宋代瓷器', '宗教工艺品', '宝马', '宝马汽车', '富豪', '工艺陶瓷', '度假', '开盘', '徐悲鸿十二生肖', '手工工艺品', '手工泥塑', '拍卖', '收藏字画', '故宫博物院', '散装货船', '文物', '文玩', '文玩古董', '无人飞机', '普通邮票', '木制工艺品', '核桃', '民族特色手工艺', '民间布艺', '沃尔沃', '法拉利', '清代瓷器', '温泉', '港口', '滚装船', '特斯拉', '特种邮票', '特色创意', '玉器古董', '现代钱币', '珍藏邮票', '电站设备', '碧桂园', '竹编篮子', '红色邮票', '纪念币', '编年邮票小型张', '航天币', '航空客机', '航空飞行器', '船用', '船舶租赁', '装饰工艺', '证券', '豪华汽车', '豪华跑车', '豪宅', '豪车', '跑车', '车辆出口', '迈巴赫', '运输船', '远洋捕捞', '邮币世界', '邮票价格查询', '邮票册', '邮票套装', '邮票珍藏册', '邮票纪念册', '邮票集', '陶瓷', '集邮册', '雷克萨斯', '飞机飞行', '飞行', '飞行器', '驾驶飞机', '龙纹']",['BEHAVIOR_INTEREST_SCENE_ALL'],BEHAVIOR_INTEREST_TIME_WINDOW_SEVEN_DAY,,,,,,32217,,720,,PAGE_TYPE_DEFAULT,"['SITE_SET_QQ_MUSIC_GAME', 'SITE_SET_KANDIAN', 'SITE_SET_TENCENT_NEWS', 'SITE_SET_TENCENT_VIDEO', 'SITE_SET_MOBILE_UNION']","['末日', '末世', '丧尸', '幸存', '美女', '长腿', '小姨子', '女忧', '豪车', '科技', '5G', '科普', '历史', '玄幻', '翻修', '游戏', '手游', '生化', '美胸', 'SM']",1552323463,PROMOTED_OBJECT_TYPE_APP_IOS,False,,,,,"{'image': 106025, 'description': '智商149卡在了39关，这款游戏太烧脑，你能过几关？', 'video': 106025, 'button_text': '立即领取', 'title': '超好玩的闯关游戏，减压又过瘾', 'brand': {'brand_name': 'n1计划', 'brand_img': 77752}}",20,2021-10-04,7661.59,114.0,0.014879,0.0185
7025,1001447,21246,1043757,0,2021-10-03 11:04:20,OPTIMIZATIONGOAL_APP_ACTIVATE,111111111111111111111111111111111111111111111111111111111111111111111111111111111111111111111111111111111111111111111111111111111111111111111111111111111111000000001111111111111111111111111111111111111111111111111111111111111111111111111111111111111111111111111111111111111111111111111111111111111111111111111111111111111111111111111111,BID_STRATEGY_AVERAGE_COST,12112,0,False,[],['NOT_INSTALLED'],,,"[{'min': 25, 'max': 66}]",,DEEP_CONVERSION_WORTH,,"{'goal': 'GOAL_1DAY_PURCHASE_ROAS', 'expected_roi': 0.022}",[205],[205],,"[85, 102, 809, 524, 522, 812, 814, 817, 818, 827, 301, 38, 631, 632, 392]",['BEHAVIOR_INTEREST_INTENSITY_ALL'],"['pcgs评级币', '中国工艺品', '乘坐飞机', '二轮生肖纪念币', '住宅', '保时捷', '养老院', '凯迪拉克', '出土', '别墅', '博物馆', '厦门港', '古玉器', '古玩古钱币', '古玩收藏', '古董工艺品', '大型飞机', '太空飞机', '奔驰', '奥运纪念章', '奥迪', '奥迪a6l', '奥迪q5', '宋代瓷器', '宗教工艺品', '宝马', '宝马汽车', '富豪', '工艺陶瓷', '度假', '开盘', '徐悲鸿十二生肖', '手工工艺品', '手工泥塑', '拍卖', '收藏字画', '故宫博物院', '散装货船', '文物', '文玩', '文玩古董', '无人飞机', '普通邮票', '木制工艺品', '核桃', '民族特色手工艺', '民间布艺', '沃尔沃', '法拉利', '清代瓷器', '温泉', '港口', '滚装船', '特斯拉', '特种邮票', '特色创意', '玉器古董', '现代钱币', '珍藏邮票', '电站设备', '碧桂园', '竹编篮子', '红色邮票', '纪念币', '编年邮票小型张', '航天币', '航空客机', '航空飞行器', '船用', '船舶租赁', '装饰工艺', '证券', '豪华汽车', '豪华跑车', '豪宅', '豪车', '跑车', '车辆出口', '迈巴赫', '运输船', '远洋捕捞', '邮币世界', '邮票价格查询', '邮票册', '邮票套装', '邮票珍藏册', '邮票纪念册', '邮票集', '陶瓷', '集邮册', '雷克萨斯', '飞机飞行', '飞行', '飞行器', '驾驶飞机', '龙纹']",['BEHAVIOR_INTEREST_SCENE_ALL'],BEHAVIOR_INTEREST_TIME_WINDOW_SEVEN_DAY,,,,,,36930,,720,,PAGE_TYPE_DEFAULT,"['SITE_SET_QQ_MUSIC_GAME', 'SITE_SET_KANDIAN', 'SITE_SET_TENCENT_NEWS', 'SITE_SET_TENCENT_VIDEO', 'SITE_SET_MOBILE_UNION']","['末日', '末世', '丧尸', '幸存', '美女', '长腿', '小姨子', '女忧', '豪车', '科技', '5G', '科普', '历史', '玄幻', '翻修', '游戏', '手游', '生化', '美胸', 'SM']",1552323463,PROMOTED_OBJECT_TYPE_APP_IOS,False,,,,,"{'image': 105451, 'description': '智商149卡在了39关，这款游戏太烧脑，你能过几关？', 'video': 105451, 'button_text': '立即领取', 'title': '超好玩的闯关游戏，减压又过瘾', 'brand': {'brand_name': 'n1计划', 'brand_img': 77752}}",20,2021-10-04,5669.68,108.0,0.019049,0.02
7025,1001447,21246,1043770,0,2021-10-03 11:04:20,OPTIMIZATIONGOAL_APP_ACTIVATE,111111111111111111111111111111111111111111111111111111111111111111111111111111111111111111111111111111111111111111111111111111111111111111111111111111111111000000001111111111111111111111111111111111111111111111111111111111111111111111111111111111111111111111111111111111111111111111111111111111111111111111111111111111111111111111111111,BID_STRATEGY_AVERAGE_COST,12280,0,False,[],['NOT_INSTALLED'],,,"[{'min': 26, 'max': 66}]",,DEEP_CONVERSION_WORTH,,"{'goal': 'GOAL_1DAY_PURCHASE_ROAS', 'expected_roi': 0.022}",[205],"[301, 205, 16]",,"[14, 51, 85, 102, 809, 817, 818, 827, 301, 38, 631, 632]",['BEHAVIOR_INTEREST_INTENSITY_ALL'],"['乘坐飞机', '保时捷', '养车', '凯迪拉克', '别墅', '大型飞机', '奔驰', '奥迪', '奥迪a6l', '奥迪q5', '宝马', '宝马汽车', '富豪', '度假', '散装货船', '无人飞机', '沃尔沃', '法拉利', '洗车', '温泉', '港口', '特斯拉', '碧桂园', '航空客机', '航空飞行器', '豪华汽车', '豪华跑车', '豪宅', '豪车', '跑车', '车辆出口', '迈巴赫', '运输船', '远洋捕捞', '雷克萨斯', '飞机飞行', '飞行器']",['BEHAVIOR_INTEREST_SCENE_ALL'],BEHAVIOR_INTEREST_TIME_WINDOW_SEVEN_DAY,['OPTIMIZATIONGOAL_APP_ACTIVATE'],EXCLUDED_DIMENSION_APP,,,,38554,,720,,PAGE_TYPE_DEFAULT,"['SITE_SET_QQ_MUSIC_GAME', 'SITE_SET_KANDIAN', 'SITE_SET_TENCENT_NEWS', 'SITE_SET_TENCENT_VIDEO', 'SITE_SET_MOBILE_UNION']","['末日', '末世', '丧尸', '幸存', '美女', '长腿', '小姨子', '女忧', '豪车', '科技', '5G', '科普', '历史', '玄幻', '翻修', '游戏', '手游', '生化', '美胸', 'SM']",1552323463,PROMOTED_OBJECT_TYPE_APP_IOS,False,,,,,"{'image': 113534, 'description': '智商149卡在了39关，这款游戏太烧脑，你能过几关？', 'video': 113534, 'button_text': '立即领取', 'title': '超好玩的闯关游戏，减压又过瘾', 'brand': {'brand_name': 'n1计划', 'brand_img': 77752}}",20,2021-10-03,6977.82,6434.0,0.922064,0.0294
7025,1001447,21246,1049564,0,2021-10-06 14:05:21,OPTIMIZATIONGOAL_APP_ACTIVATE,111111111111111111111111111111111111111111111111111111111111111111111111111111111111111111111111111111111111111111111111111111111111111111111111111111111111000000001111111111111111111111111111111111111111111111111111111111111111111111111111111111111111111111111111111111111111111111111111111111111111111111111111111111111111111111111111,BID_STRATEGY_AVERAGE_COST,14527,0,False,[],['NOT_INSTALLED'],,,"[{'min': 24, 'max': 66}]",,DEEP_CONVERSION_WORTH,,"{'goal': 'GOAL_1DAY_PURCHASE_ROAS', 'expected_roi': 0.03}",[205],"[301, 205, 16]",,"[197, 51, 85, 102, 809, 524, 812, 813, 817, 818, 827, 301, 38, 631, 632, 164]",['BEHAVIOR_INTEREST_INTENSITY_ALL'],"['乘坐飞机', '保时捷', '凯迪拉克', '别墅', '大型飞机', '奔驰', '奥迪', '奥迪a6l', '奥迪q5', '宝马', '宝马汽车', '富豪', '度假', '无人飞机', '沃尔沃', '法拉利', '温泉', '港口', '特斯拉', '碧桂园', '豪华汽车', '豪华跑车', '豪车', '跑车', '车辆出口', '迈巴赫', '运输船', '远洋捕捞', '雷克萨斯', '飞行', '驾驶飞机']",['BEHAVIOR_INTEREST_SCENE_ALL'],BEHAVIOR_INTEREST_TIME_WINDOW_SEVEN_DAY,['OPTIMIZATIONGOAL_APP_ACTIVATE'],EXCLUDED_DIMENSION_APP,,,,39427,,720,,PAGE_TYPE_DEFAULT,"['SITE_SET_QQ_MUSIC_GAME', 'SITE_SET_KANDIAN', 'SITE_SET_TENCENT_NEWS', 'SITE_SET_TENCENT_VIDEO', 'SITE_SET_MOBILE_UNION']","['末日', '末世', '丧尸', '幸存', '美女', '长腿', '小姨子', '女忧', '豪车', '科技', '5G', '科普', '历史', '玄幻', '翻修', '游戏', '手游', '生化', '美胸', 'SM']",1552323463,PROMOTED_OBJECT_TYPE_APP_IOS,False,,,,,"{'image': 117383, 'description': '智商149卡在了39关，这款游戏太烧脑，你能过几关？', 'video': 117383, 'button_text': '立即下载', 'title': '休闲又解压，玩了一天都不腻！', 'brand': {'brand_name': 'n1计划', 'brand_img': 78613}}",20,2021-10-06,5899.35,268.0,0.045429,0.0741
7717,1001447,21329,1030070,0,2021-09-30 11:57:14,OPTIMIZATIONGOAL_FIRST_PURCHASE,000000000000011111111111111111111111111111111111111111111111111111111111111111111111111111111111111111111111111111111111111111111111111111111111111111111111111111111111111111111111111111111111111111111111111111111111111111111111111111111111111111111111111111111111111111111111111111111111111111111111111111111111111111111111111111111111,BID_STRATEGY_AVERAGE_COST,406253,0,False,[],['NOT_INSTALLED'],['MALE'],,"[{'min': 23, 'max': 52}]",,,,,[205],"[157, 205]",,"[157, 205]",['BEHAVIOR_INTEREST_INTENSITY_ALL'],,['BEHAVIOR_INTEREST_SCENE_ALL'],BEHAVIOR_INTEREST_TIME_WINDOW_SEVEN_DAY,['OPTIMIZATIONGOAL_APP_DOWNLOAD'],EXCLUDED_DIMENSION_APP,,,,37812,,720,,PAGE_TYPE_DEFAULT,"['SITE_SET_QQ_MUSIC_GAME', 'SITE_SET_KANDIAN', 'SITE_SET_TENCENT_NEWS', 'SITE_SET_TENCENT_VIDEO']",[],1552323463,PROMOTED_OBJECT_TYPE_APP_IOS,False,,,,,"{'image': 109661, 'description': '只用一根手指，没有wifi也能玩一天！', 'video': 109661, 'button_text': '下载游戏', 'title': '休闲好玩又刺激', 'brand': {'brand_name': 'N1计划', 'brand_img': 77752}}",149,2021-10-04,6098.39,184.0,0.030172,0.0213
7717,1001447,21329,1030102,0,2021-09-30 11:57:14,OPTIMIZATIONGOAL_FIRST_PURCHASE,111111111111111111111111111111111111111111111111111111111111111111111111111111111111111111111111111111111111111111111111111111111111111111111111111111111111111111111111111111111111111111111111111111111111111111111111111111111111111111111111111111111111111111111111111111111111111111111111000000000000011111111111111111111111111111111111,BID_STRATEGY_AVERAGE_COST,412694,0,False,[],['NOT_INSTALLED'],['MALE'],,"[{'min': 23, 'max': 52}]",,,,,[205],"[157, 205]",,"[157, 205]",['BEHAVIOR_INTEREST_INTENSITY_ALL'],,['BEHAVIOR_INTEREST_SCENE_ALL'],BEHAVIOR_INTEREST_TIME_WINDOW_SEVEN_DAY,['OPTIMIZATIONGOAL_APP_DOWNLOAD'],EXCLUDED_DIMENSION_APP,,,,38835,,720,,PAGE_TYPE_DEFAULT,"['SITE_SET_QQ_MUSIC_GAME', 'SITE_SET_KANDIAN', 'SITE_SET_TENCENT_NEWS', 'SITE_SET_TENCENT_VIDEO']",[],1552323463,PROMOTED_OBJECT_TYPE_APP_IOS,False,,,,,"{'image': 114736, 'description': '只用一根手指，没有wifi也能玩一天！', 'video': 114736, 'button_text': '下载游戏', 'title': '休闲好玩又刺激', 'brand': {'brand_name': 'N1计划', 'brand_img': 77752}}",20,2021-10-04,1301.74,238.0,0.182832,0.2
8215,1001446,20144,1019115,0,2021-09-29 10:20:13,OPTIMIZATIONGOAL_APP_ACTIVATE,111111111111111111111111111111111111111111111111111111111111111111111111111111111111111111111111111111111111111111111111111111111111111111111111111111111111111111111111111111111111111111111111111111111111111111111111111111111111111111111111111111111111111111111111111111111111111111111111111111111111111111111111111111111111111111111111,BID_STRATEGY_AVERAGE_COST,12452,0,False,[],,['MALE'],,"[{'min': 22, 'max': 66}]",,DEEP_CONVERSION_WORTH,,"{'goal': 'GOAL_1DAY_PURCHASE_ROAS', 'expected_roi': 0.018}",[205],[205],,[205],['BEHAVIOR_INTEREST_INTENSITY_ALL'],,['BEHAVIOR_INTEREST_SCENE_ALL'],BEHAVIOR_INTEREST_TIME_WINDOW_SEVEN_DAY,,,,,,39117,,1480,"{'override_canvas_head_option': 'OPTION_CREATIVE_OVERRIDE_CANVAS', 'page_id': 2268297430}",PAGE_TYPE_CANVAS_WECHAT,['SITE_SET_MOMENTS'],,1573087927,PROMOTED_OBJECT_TYPE_APP_IOS,False,DOWNLOAD_GAME,LINK_PAGE_TYPE_DEFAULT,549581,,"{'short_video_struct': {'short_video1': 115947}, 'title': '朋友被我带入坑，玩得比我都要猛！'}",20,2021-10-02,323.69,276.0,0.852668,1.0
8334,1001447,21340,1030322,0,2021-09-30 14:00:22,OPTIMIZATIONGOAL_APP_ACTIVATE,111111111111111111111111111111111111111111111111111111111111111111111111111111111111111111111111111111111111111111111111111111111111111111111111111111111111111111111111111111111111111111111111111111111111111111111111111111111111111111111111111111111111111111111111111111111111111111111111111111111111111111111111111111111111111111111111,BID_STRATEGY_TARGET_COST,17215,0,True,[],,['MALE'],,"[{'min': 24, 'max': 48}]",,DEEP_CONVERSION_WORTH,,"{'goal': 'GOAL_1DAY_PURCHASE_ROAS', 'expected_roi': 0.024}",,,,,,,,,,,,,,34373,,1480,"{'override_canvas_head_option': 'OPTION_CREATIVE_OVERRIDE_CANVAS', 'page_id': 2250383935}",PAGE_TYPE_CANVAS_WECHAT,['SITE_SET_MOMENTS'],,1552323463,PROMOTED_OBJECT_TYPE_APP_IOS,False,DOWNLOAD_GAME,LINK_PAGE_TYPE_DEFAULT,512011,,"{'short_video_struct': {'short_video1': 95783}, 'title': '只用一根手指，没有wifi也能玩一天！'}",20,2021-10-02,2032.58,1280.0,0.629742,0.125
8525,1001447,21213,1031073,0,2021-09-30 14:31:37,OPTIMIZATIONGOAL_APP_ACTIVATE,111111111111111111111111111111111111111111111111111111111111111111111111111111111111111111111111111111111111000000111111111111111111111111111111111111111111000000111111111111111111111111111111111111111111111111111111111111111111111111111111111111111111111111111111111111111111111111111111111111111111111111111111111111111111111111111111,BID_STRATEGY_AVERAGE_COST,11763,0,False,[],['NOT_INSTALLED'],['MALE'],,"[{'min': 24, 'max': 66}]",,DEEP_CONVERSION_WORTH,,"{'goal': 'GOAL_1DAY_PURCHASE_ROAS', 'expected_roi': 0.02}",,,,,,,,,['OPTIMIZATIONGOAL_APP_DOWNLOAD'],EXCLUDED_DIMENSION_APP,,,,38613,,720,,PAGE_TYPE_DEFAULT,"['SITE_SET_QQ_MUSIC_GAME', 'SITE_SET_KANDIAN', 'SITE_SET_TENCENT_NEWS', 'SITE_SET_TENCENT_VIDEO', 'SITE_SET_MOBILE_UNION']",[],1552323463,PROMOTED_OBJECT_TYPE_APP_IOS,False,,,,,"{'image': 113833, 'description': '超魔性策略小游戏，试试你能闯几关', 'video': 113833, 'button_text': '立即下载', 'title': '无限游戏，休闲好玩又刺激', 'brand': {'brand_name': 'N1计划', 'brand_img': 78613}}",20,2021-10-02,4412.58,208.0,0.047138,0.04
8525,1001447,21213,1041509,0,2021-10-02 16:37:13,OPTIMIZATIONGOAL_APP_ACTIVATE,111111111111111111111111111111111111111111111111111111111111111111111111111111111111111111111111111111111111000000111111111111111111111111111111111111111111000000111111111111111111111111111111111111111111111111111111111111111111111111111111111111111111111111111111111111111111111111111111111111111111111111111111111111111111111111111111,BID_STRATEGY_AVERAGE_COST,10327,0,False,[],['NOT_INSTALLED'],['MALE'],,"[{'min': 24, 'max': 66}]",,DEEP_CONVERSION_WORTH,,"{'goal': 'GOAL_1DAY_PURCHASE_ROAS', 'expected_roi': 0.02}",,,,,,,,,['OPTIMIZATIONGOAL_APP_DOWNLOAD'],EXCLUDED_DIMENSION_APP,,,,38868,,720,,PAGE_TYPE_DEFAULT,"['SITE_SET_QQ_MUSIC_GAME', 'SITE_SET_KANDIAN', 'SITE_SET_TENCENT_NEWS', 'SITE_SET_TENCENT_VIDEO', 'SITE_SET_MOBILE_UNION']",[],1552323463,PROMOTED_OBJECT_TYPE_APP_IOS,False,,,,,"{'image': 114851, 'description': '超魔性策略小游戏，试试你能闯几关', 'video': 114851, 'button_text': '立即下载', 'title': '无限游戏，休闲好玩又刺激', 'brand': {'brand_name': 'N1计划', 'brand_img': 78613}}",20,2021-10-03,2751.98,690.0,0.250729,0.3333
8525,1001447,21213,1041510,0,2021-10-02 16:37:13,OPTIMIZATIONGOAL_APP_ACTIVATE,111111111111111111111111111111111111111111111111111111111111111111111111111111111111111111111111111111111111000000111111111111111111111111111111111111111111000000111111111111111111111111111111111111111111111111111111111111111111111111111111111111111111111111111111111111111111111111111111111111111111111111111111111111111111111111111111,BID_STRATEGY_AVERAGE_COST,14392,0,False,[],['NOT_INSTALLED'],['MALE'],,"[{'min': 24, 'max': 66}]",,DEEP_CONVERSION_WORTH,,"{'goal': 'GOAL_1DAY_PURCHASE_ROAS', 'expected_roi': 0.02}",,,,,,,,,['OPTIMIZATIONGOAL_APP_DOWNLOAD'],EXCLUDED_DIMENSION_APP,,,,38613,,720,,PAGE_TYPE_DEFAULT,"['SITE_SET_QQ_MUSIC_GAME', 'SITE_SET_KANDIAN', 'SITE_SET_TENCENT_NEWS', 'SITE_SET_TENCENT_VIDEO', 'SITE_SET_MOBILE_UNION']",[],1552323463,PROMOTED_OBJECT_TYPE_APP_IOS,False,,,,,"{'image': 113833, 'description': '超魔性策略小游戏，试试你能闯几关', 'video': 113833, 'button_text': '立即下载', 'title': '无限游戏，休闲好玩又刺激', 'brand': {'brand_name': 'N1计划', 'brand_img': 78613}}",20,2021-10-04,1004.67,60.0,0.059721,0.3333
8525,1001447,21213,1041513,0,2021-10-02 16:37:31,OPTIMIZATIONGOAL_APP_ACTIVATE,111111111111111111111111111111111111111111111111111111111111111111111111111111111111111111111111111111111111000000111111111111111111111111111111111111111111000000111111111111111111111111111111111111111111111111111111111111111111111111111111111111111111111111111111111111111111111111111111111111111111111111111111111111111111111111111111,BID_STRATEGY_AVERAGE_COST,14950,0,False,[],['NOT_INSTALLED'],['MALE'],,"[{'min': 24, 'max': 66}]",,DEEP_CONVERSION_WORTH,,"{'goal': 'GOAL_1DAY_PURCHASE_ROAS', 'expected_roi': 0.02}",,,,,,,,,['OPTIMIZATIONGOAL_APP_DOWNLOAD'],EXCLUDED_DIMENSION_APP,,,,34203,,720,,PAGE_TYPE_DEFAULT,"['SITE_SET_QQ_MUSIC_GAME', 'SITE_SET_KANDIAN', 'SITE_SET_TENCENT_NEWS', 'SITE_SET_TENCENT_VIDEO', 'SITE_SET_MOBILE_UNION']",[],1552323463,PROMOTED_OBJECT_TYPE_APP_IOS,False,,,,,"{'image': 104884, 'description': '超魔性策略小游戏，试试你能闯几关', 'video': 104884, 'button_text': '立即下载', 'title': '无限游戏，休闲好玩又刺激', 'brand': {'brand_name': 'N1计划', 'brand_img': 78613}}",20,2021-10-03,3900.69,178.0,0.045633,0.125
8525,1001447,21213,1045850,0,2021-10-04 10:08:15,OPTIMIZATIONGOAL_APP_ACTIVATE,111111111111111111111111111111111111111111111111111111111111111111111111111111111111111111111111111111111111000000111111111111111111111111111111111111111111000000111111111111111111111111111111111111111111111111111111111111111111111111111111111111111111111111111111111111111111111111111111111111111111111111111111111111111111111111111111,BID_STRATEGY_AVERAGE_COST,12405,0,False,[],['NOT_INSTALLED'],['MALE'],,"[{'min': 24, 'max': 66}]",,DEEP_CONVERSION_WORTH,,"{'goal': 'GOAL_1DAY_PURCHASE_ROAS', 'expected_roi': 0.02}",,,,,,,,,['OPTIMIZATIONGOAL_APP_DOWNLOAD'],EXCLUDED_DIMENSION_APP,,,,39141,,720,,PAGE_TYPE_DEFAULT,"['SITE_SET_QQ_MUSIC_GAME', 'SITE_SET_KANDIAN', 'SITE_SET_TENCENT_NEWS', 'SITE_SET_TENCENT_VIDEO', 'SITE_SET_MOBILE_UNION']",[],1552323463,PROMOTED_OBJECT_TYPE_APP_IOS,False,,,,,"{'image': 116131, 'description': '超魔性策略小游戏，试试你能闯几关', 'video': 116131, 'button_text': '立即下载', 'title': '无限游戏，休闲好玩又刺激', 'brand': {'brand_name': 'N1计划', 'brand_img': 78613}}",20,2021-10-04,12666.5,262.0,0.020684,0.0253
8525,1001447,21213,1049670,0,2021-10-06 14:13:18,OPTIMIZATIONGOAL_APP_ACTIVATE,111111111111111111111111111111111111111111111111111111111111111111111111111111111111111111111111111111111111000000111111111111111111111111111111111111111111000000111111111111111111111111111111111111111111111111111111111111111111111111111111111111111111111111111111111111111111111111111111111111111111111111111111111111111111111111111111,BID_STRATEGY_AVERAGE_COST,14963,0,False,[],['NOT_INSTALLED'],['MALE'],,"[{'min': 24, 'max': 66}]",,DEEP_CONVERSION_WORTH,,"{'goal': 'GOAL_1DAY_PURCHASE_ROAS', 'expected_roi': 0.02}",,,,,,,,,['OPTIMIZATIONGOAL_APP_DOWNLOAD'],EXCLUDED_DIMENSION_APP,,,,38613,,720,,PAGE_TYPE_DEFAULT,"['SITE_SET_QQ_MUSIC_GAME', 'SITE_SET_KANDIAN', 'SITE_SET_TENCENT_NEWS', 'SITE_SET_TENCENT_VIDEO', 'SITE_SET_MOBILE_UNION']",[],1552323463,PROMOTED_OBJECT_TYPE_APP_IOS,False,,,,,"{'image': 113833, 'description': '闯关+逃生，没WiFi也能玩一天，试试你能过几关？', 'video': 113833, 'button_text': '立即下载', 'title': '无限游戏，休闲好玩又刺激', 'brand': {'brand_name': 'N1计划', 'brand_img': 78613}}",20,2021-10-06,4780.07,814.0,0.17029,0.1667
8525,1001447,21213,1049680,0,2021-10-06 14:13:18,OPTIMIZATIONGOAL_APP_ACTIVATE,111111111111111111111111111111111111111111111111111111111111111111111111111111111111111111111111111111111111000000111111111111111111111111111111111111111111000000111111111111111111111111111111111111111111111111111111111111111111111111111111111111111111111111111111111111111111111111111111111111111111111111111111111111111111111111111111,BID_STRATEGY_AVERAGE_COST,13440,0,False,[],['NOT_INSTALLED'],['MALE'],,"[{'min': 24, 'max': 66}]",,DEEP_CONVERSION_WORTH,,"{'goal': 'GOAL_1DAY_PURCHASE_ROAS', 'expected_roi': 0.02}",,,,,,,,,['OPTIMIZATIONGOAL_APP_DOWNLOAD'],EXCLUDED_DIMENSION_APP,,,,38396,,720,,PAGE_TYPE_DEFAULT,"['SITE_SET_QQ_MUSIC_GAME', 'SITE_SET_KANDIAN', 'SITE_SET_TENCENT_NEWS', 'SITE_SET_TENCENT_VIDEO', 'SITE_SET_MOBILE_UNION']",[],1552323463,PROMOTED_OBJECT_TYPE_APP_IOS,False,,,,,"{'image': 113497, 'description': '超魔性策略小游戏，试试你能闯几关', 'video': 113497, 'button_text': '立即下载', 'title': '无限游戏，休闲好玩又刺激', 'brand': {'brand_name': 'N1计划', 'brand_img': 78613}}",20,2021-10-06,2812.19,98.0,0.034848,0.0833
8557,1001447,21246,1029584,0,2021-09-30 10:49:13,OPTIMIZATIONGOAL_APP_ACTIVATE,111111111111111111111111111111111111111111111111111111111111111111111111111111111111111111111111111111111111111111111111111111111111111111111111111111111111111111111111111111111111111111111111111111111111111111111111111111111111111111111111111111111111111111111111111111111111111111111111111111111111111111111111111111111111111111111111,BID_STRATEGY_AVERAGE_COST,13685,0,False,[],['NOT_INSTALLED'],,,"[{'min': 24, 'max': 66}]",,DEEP_CONVERSION_WORTH,,"{'goal': 'GOAL_1DAY_PURCHASE_ROAS', 'expected_roi': 0.03}",[205],"[301, 205, 16]",,"[51, 85, 102, 809, 524, 812, 813, 817, 818, 827, 301, 38, 631, 632, 164]",['BEHAVIOR_INTEREST_INTENSITY_ALL'],"['豪华跑车', '迈巴赫', '保时捷', '跑车', '法拉利', '豪车', '特斯拉', '豪华汽车', '奔驰', '奥迪', '宝马', '沃尔沃', '凯迪拉克', '雷克萨斯', '宝马汽车', '奥迪q5', '奥迪a6l', '别墅', '度假', '碧桂园', '富豪', '温泉', '大型飞机', '飞行', '无人飞机', '驾驶飞机', '乘坐飞机', '远洋捕捞', '运输船', '港口', '车辆出口']",['BEHAVIOR_INTEREST_SCENE_ALL'],BEHAVIOR_INTEREST_TIME_WINDOW_SEVEN_DAY,['OPTIMIZATIONGOAL_APP_ACTIVATE'],EXCLUDED_DIMENSION_APP,,,,38554,,720,,PAGE_TYPE_DEFAULT,"['SITE_SET_QQ_MUSIC_GAME', 'SITE_SET_KANDIAN', 'SITE_SET_TENCENT_NEWS', 'SITE_SET_TENCENT_VIDEO', 'SITE_SET_MOBILE_UNION']","['末日', '末世', '丧尸', '幸存', '美女', '长腿', '小姨子', '女忧', '豪车', '科技', '5G', '科普', '历史', '玄幻', '翻修', '游戏', '手游', '生化', '美胸', 'SM']",1552323463,PROMOTED_OBJECT_TYPE_APP_IOS,False,,,,,"{'image': 113534, 'description': '智商149卡在了39关，这款游戏太烧脑，你能过几关？', 'video': 113534, 'button_text': '立即领取', 'title': '休闲又解压，玩了一天都不腻！', 'brand': {'brand_name': 'n1计划', 'brand_img': 78613}}",20,2021-10-01,5159.61,110.0,0.021319,0.0476
8557,1001447,21246,1043739,0,2021-10-03 11:04:20,OPTIMIZATIONGOAL_APP_ACTIVATE,111111111111111111111111111111111111111111111111111111111111111111111111111111111111111111111111111111111111111111111111111111111111111111111111111111111111000000001111111111111111111111111111111111111111111111111111111111111111111111111111111111111111111111111111111111111111111111111111111111111111111111111111111111111111111111111111,BID_STRATEGY_AVERAGE_COST,12387,0,False,[],['NOT_INSTALLED'],,,"[{'min': 25, 'max': 66}]",,DEEP_CONVERSION_WORTH,,"{'goal': 'GOAL_1DAY_PURCHASE_ROAS', 'expected_roi': 0.022}",[205],[205],,"[85, 102, 809, 524, 522, 812, 814, 817, 818, 827, 301, 38, 631, 632, 392]",['BEHAVIOR_INTEREST_INTENSITY_ALL'],"['pcgs评级币', '中国工艺品', '乘坐飞机', '二轮生肖纪念币', '住宅', '保时捷', '养老院', '凯迪拉克', '出土', '别墅', '博物馆', '厦门港', '古玉器', '古玩古钱币', '古玩收藏', '古董工艺品', '大型飞机', '太空飞机', '奔驰', '奥运纪念章', '奥迪', '奥迪a6l', '奥迪q5', '宋代瓷器', '宗教工艺品', '宝马', '宝马汽车', '富豪', '工艺陶瓷', '度假', '开盘', '徐悲鸿十二生肖', '手工工艺品', '手工泥塑', '拍卖', '收藏字画', '故宫博物院', '散装货船', '文物', '文玩', '文玩古董', '无人飞机', '普通邮票', '木制工艺品', '核桃', '民族特色手工艺', '民间布艺', '沃尔沃', '法拉利', '清代瓷器', '温泉', '港口', '滚装船', '特斯拉', '特种邮票', '特色创意', '玉器古董', '现代钱币', '珍藏邮票', '电站设备', '碧桂园', '竹编篮子', '红色邮票', '纪念币', '编年邮票小型张', '航天币', '航空客机', '航空飞行器', '船用', '船舶租赁', '装饰工艺', '证券', '豪华汽车', '豪华跑车', '豪宅', '豪车', '跑车', '车辆出口', '迈巴赫', '运输船', '远洋捕捞', '邮币世界', '邮票价格查询', '邮票册', '邮票套装', '邮票珍藏册', '邮票纪念册', '邮票集', '陶瓷', '集邮册', '雷克萨斯', '飞机飞行', '飞行', '飞行器', '驾驶飞机', '龙纹']",['BEHAVIOR_INTEREST_SCENE_ALL'],BEHAVIOR_INTEREST_TIME_WINDOW_SEVEN_DAY,,,,,,39427,,720,,PAGE_TYPE_DEFAULT,"['SITE_SET_QQ_MUSIC_GAME', 'SITE_SET_KANDIAN', 'SITE_SET_TENCENT_NEWS', 'SITE_SET_TENCENT_VIDEO', 'SITE_SET_MOBILE_UNION']","['末日', '末世', '丧尸', '幸存', '美女', '长腿', '小姨子', '女忧', '豪车', '科技', '5G', '科普', '历史', '玄幻', '翻修', '游戏', '手游', '生化', '美胸', 'SM']",1552323463,PROMOTED_OBJECT_TYPE_APP_IOS,False,,,,,"{'image': 117383, 'description': '智商149卡在了39关，这款游戏太烧脑，你能过几关？', 'video': 117383, 'button_text': '立即领取', 'title': '超好玩的闯关游戏，减压又过瘾', 'brand': {'brand_name': 'n1计划', 'brand_img': 77752}}",20,2021-10-04,528.69,404.0,0.764153,0.5
8557,1001447,21246,1049574,0,2021-10-06 14:05:21,OPTIMIZATIONGOAL_APP_ACTIVATE,111111111111111111111111111111111111111111111111111111111111111111111111111111111111111111111111111111111111111111111111111111111111111111111111111111111111000000001111111111111111111111111111111111111111111111111111111111111111111111111111111111111111111111111111111111111111111111111111111111111111111111111111111111111111111111111111,BID_STRATEGY_AVERAGE_COST,11510,0,False,[],['NOT_INSTALLED'],,,"[{'min': 24, 'max': 66}]",,DEEP_CONVERSION_WORTH,,"{'goal': 'GOAL_1DAY_PURCHASE_ROAS', 'expected_roi': 0.022}",[205],"[301, 205, 16]",,"[197, 51, 85, 102, 809, 524, 812, 813, 817, 818, 827, 301, 38, 631, 632, 164]",['BEHAVIOR_INTEREST_INTENSITY_ALL'],"['乘坐飞机', '保时捷', '凯迪拉克', '别墅', '大型飞机', '奔驰', '奥迪', '奥迪a6l', '奥迪q5', '宝马', '宝马汽车', '富豪', '度假', '无人飞机', '沃尔沃', '法拉利', '温泉', '港口', '特斯拉', '碧桂园', '豪华汽车', '豪华跑车', '豪车', '跑车', '车辆出口', '迈巴赫', '运输船', '远洋捕捞', '雷克萨斯', '飞行', '驾驶飞机']",['BEHAVIOR_INTEREST_SCENE_ALL'],BEHAVIOR_INTEREST_TIME_WINDOW_SEVEN_DAY,['OPTIMIZATIONGOAL_APP_ACTIVATE'],EXCLUDED_DIMENSION_APP,,,,39427,,720,,PAGE_TYPE_DEFAULT,"['SITE_SET_QQ_MUSIC_GAME', 'SITE_SET_KANDIAN', 'SITE_SET_TENCENT_NEWS', 'SITE_SET_TENCENT_VIDEO', 'SITE_SET_MOBILE_UNION']","['末日', '末世', '丧尸', '幸存', '美女', '长腿', '小姨子', '女忧', '豪车', '科技', '5G', '科普', '历史', '玄幻', '翻修', '游戏', '手游', '生化', '美胸', 'SM']",1552323463,PROMOTED_OBJECT_TYPE_APP_IOS,False,,,,,"{'image': 117383, 'description': '智商149卡在了39关，这款游戏太烧脑，你能过几关？', 'video': 117383, 'button_text': '立即下载', 'title': '休闲又解压，玩了一天都不腻！', 'brand': {'brand_name': 'n1计划', 'brand_img': 78613}}",20,2021-10-08,467.44,208.0,0.444977,0.5
8562,1001446,21340,1033091,0,2021-09-30 16:21:20,OPTIMIZATIONGOAL_FIRST_PURCHASE,111111111111111111111111111111111111111111111111111111111111111111111111111111111111111111111111111111111111111111111111111111111111111111111111111111111111111111111111111111111111111111111111111111111111111111111111111111111111111111111111111111111111111111111111111111111111111111111111111111111111111111111111111111111111111111111111,BID_STRATEGY_TARGET_COST,399499,0,False,[],['NOT_INSTALLED'],,,"[{'min': 24, 'max': 48}]",,,,,[205],[205],,[205],['BEHAVIOR_INTEREST_INTENSITY_HIGH'],,['BEHAVIOR_INTEREST_SCENE_ALL'],BEHAVIOR_INTEREST_TIME_WINDOW_SEVEN_DAY,['OPTIMIZATIONGOAL_APP_DOWNLOAD'],EXCLUDED_DIMENSION_APP,,,,38211,,720,,PAGE_TYPE_DEFAULT,"['SITE_SET_QQ_MUSIC_GAME', 'SITE_SET_KANDIAN', 'SITE_SET_TENCENT_NEWS', 'SITE_SET_TENCENT_VIDEO', 'SITE_SET_MOBILE_UNION']",[],1573087927,PROMOTED_OBJECT_TYPE_APP_IOS,False,,,,,"{'image': 111797, 'description': '只用一根手指，没有wifi也能玩一天！', 'video': 111797, 'button_text': '下载游戏', 'title': '无限关卡，火爆内测', 'brand': {'brand_name': '幸存挑战', 'brand_img': 112395}}",20,2021-10-02,5577.93,108.0,0.019362,0.0313
8790,1001447,21388,1042217,0,2021-10-02 21:02:25,OPTIMIZATIONGOAL_FIRST_PURCHASE,111111111111111111111111111111111111111111111111111111111111111111111111111111111111111111111111111111111111111111111111111111111111111111111111111111111111111111111111111111111111111111111111111111111111111111111111111111111111111111111111111111111111111111111111111111111111111111111111111111111111111111111111111111111111111111111111,BID_STRATEGY_AVERAGE_COST,415552,0,False,[],['NOT_INSTALLED'],['MALE'],,"[{'min': 25, 'max': 66}]",,,,,[205],"[157, 205]",,"[142, 163, 111, 14, 51, 85, 102, 160, 161, 1087, 1656, 1661, 1091, 817, 818, 827, 38, 631, 632]",['BEHAVIOR_INTEREST_INTENSITY_ALL'],,['BEHAVIOR_INTEREST_SCENE_ALL'],BEHAVIOR_INTEREST_TIME_WINDOW_SEVEN_DAY,['OPTIMIZATIONGOAL_APP_DOWNLOAD'],EXCLUDED_DIMENSION_APP,,,,37888,,1480,"{'override_canvas_head_option': 'OPTION_CREATIVE_OVERRIDE_CANVAS', 'page_id': 2246777840}",PAGE_TYPE_CANVAS_WECHAT,['SITE_SET_MOMENTS'],,1552323463,PROMOTED_OBJECT_TYPE_APP_IOS,False,DOWNLOAD_APP,LINK_PAGE_TYPE_DEFAULT,519633,,"{'short_video_struct': {'short_video1': 110339}, 'title': '嫂子被我带入坑，现在玩得比我还猛！'}",20,2021-10-05,1392.53,182.0,0.130697,0.125
8790,1001447,21388,1046338,0,2021-10-04 14:58:32,OPTIMIZATIONGOAL_FIRST_PURCHASE,111111111111111111111111111111111111111111111111111111111111111111111111111111111111111111111111111111111111111111111111111111111111111111111111111111111111111111111111111111111111111111111111111111111111111111111111111111111111111111111111111111111111111111111111111111111111111111111111111111111111111111111111111111111111111111111111,BID_STRATEGY_AVERAGE_COST,422004,0,False,[],['NOT_INSTALLED'],['MALE'],"['HIGH', 'NORMAL']","[{'min': 25, 'max': 66}]",,,,,[205],[205],,"[38, 631, 632]",['BEHAVIOR_INTEREST_INTENSITY_ALL'],"['游戏', '休闲益智', '战略战争游戏', '手游游戏', 'moba游戏', '手游', 'ios手游', '最新手游', '腾讯手游', '卡牌', '卡牌手游', '角色扮演手游', '角色扮演类游戏', '卡牌养成', '手游推荐', '手机游戏', '放置手游', '放置', '人气游戏', '末日手游', '末日']",['BEHAVIOR_INTEREST_SCENE_ALL'],BEHAVIOR_INTEREST_TIME_WINDOW_SEVEN_DAY,['OPTIMIZATIONGOAL_APP_DOWNLOAD'],EXCLUDED_DIMENSION_APP,,,,37965,,1480,"{'override_canvas_head_option': 'OPTION_CREATIVE_OVERRIDE_CANVAS', 'page_id': 2246777840}",PAGE_TYPE_CANVAS_WECHAT,['SITE_SET_MOMENTS'],,1552323463,PROMOTED_OBJECT_TYPE_APP_IOS,False,DOWNLOAD_APP,LINK_PAGE_TYPE_DEFAULT,519633,,"{'short_video_struct': {'short_video1': 110765}, 'title': '嫂子被我带入坑，现在玩得比我还猛！'}",20,2021-10-04,798.38,208.0,0.260528,0.25
8791,1001447,21395,974967,0,2021-09-18 11:21:22,OPTIMIZATIONGOAL_APP_ACTIVATE,111111111111111111111111111111111111111111111111111111111111111111111111111111111111111111111111111111111111111111111111111111111111111111111111111111111111110000111111111111111111111111111111111111111111111111111111111111111111111111111111111111111111111111111111111111111111111111111111111111111111111111111111111111111111111111111111,BID_STRATEGY_AVERAGE_COST,14000,0,False,[],['NOT_INSTALLED'],['MALE'],,"[{'min': 23, 'max': 66}]",,DEEP_CONVERSION_WORTH,,"{'goal': 'GOAL_1DAY_PURCHASE_ROAS', 'expected_roi': 0.021}",[205],"[301, 205]",,"[51, 85, 102, 203, 38, 631, 632]",['BEHAVIOR_INTEREST_INTENSITY_ALL'],"['保时捷', '凯迪拉克', '奔驰', '奥迪', '宝马', '本田', '沃尔沃', '法拉利', '豪车', '跑车', '迈巴赫']",['BEHAVIOR_INTEREST_SCENE_ALL'],BEHAVIOR_INTEREST_TIME_WINDOW_SEVEN_DAY,['OPTIMIZATIONGOAL_APP_ACTIVATE'],EXCLUDED_DIMENSION_APP,,,,34373,,1480,"{'override_canvas_head_option': 'OPTION_CREATIVE_OVERRIDE_CANVAS', 'page_id': 2245167293}",PAGE_TYPE_CANVAS_WECHAT,['SITE_SET_MOMENTS'],,1552323463,PROMOTED_OBJECT_TYPE_APP_IOS,False,DOWNLOAD_GAME,LINK_PAGE_TYPE_DEFAULT,525279,,"{'short_video_struct': {'short_video1': 95783}, 'title': '闯关+逃生，没WiFi也能玩一天，试试你能过几关？'}",20,2021-10-03,5836.48,306.0,0.052429,0.0833
8791,1001447,21395,974968,0,2021-09-18 11:21:23,OPTIMIZATIONGOAL_APP_ACTIVATE,111111111111111111111111111111111111111111111111111111111111111111111111111111111111111111111111111111111111111111111111111111111111111111111111111111111111110000111111111111111111111111111111111111111111111111111111111111111111111111111111111111111111111111111111111111111111111111111111111111111111111111111111111111111111111111111111,BID_STRATEGY_AVERAGE_COST,14000,0,False,[],['NOT_INSTALLED'],['MALE'],,"[{'min': 23, 'max': 66}]",,DEEP_CONVERSION_WORTH,,"{'goal': 'GOAL_1DAY_PURCHASE_ROAS', 'expected_roi': 0.018}",[205],"[301, 205]",,"[51, 85, 102, 203, 38, 631, 632]",['BEHAVIOR_INTEREST_INTENSITY_ALL'],"['保时捷', '凯迪拉克', '奔驰', '奥迪', '宝马', '本田', '沃尔沃', '法拉利', '豪车', '跑车', '迈巴赫']",['BEHAVIOR_INTEREST_SCENE_ALL'],BEHAVIOR_INTEREST_TIME_WINDOW_SEVEN_DAY,['OPTIMIZATIONGOAL_APP_ACTIVATE'],EXCLUDED_DIMENSION_APP,,,,36767,,1480,"{'override_canvas_head_option': 'OPTION_CREATIVE_OVERRIDE_CANVAS', 'page_id': 2245167293}",PAGE_TYPE_CANVAS_WECHAT,['SITE_SET_MOMENTS'],,1552323463,PROMOTED_OBJECT_TYPE_APP_IOS,False,DOWNLOAD_GAME,LINK_PAGE_TYPE_DEFAULT,525279,,"{'short_video_struct': {'short_video1': 104464}, 'title': '闯关+逃生，没WiFi也能玩一天，试试你能过几关？'}",20,2021-10-04,941.71,90.0,0.095571,0.2857
8791,1001447,21395,991309,0,2021-09-23 14:39:11,OPTIMIZATIONGOAL_APP_ACTIVATE,111111111111111111111111111111111111111111111111111111111111111111111111111111111111111111111111111111111111111111111111111111111111111111111111111111111111110000111111111111111111111111111111111111111111111111111111111111111111111111111111111111111111111111111111111111111111111111111111111111111111111111111111111111111111111111111111,BID_STRATEGY_AVERAGE_COST,14400,0,True,['age'],['NOT_INSTALLED'],['MALE'],,"[{'min': 25, 'max': 66}]",,DEEP_CONVERSION_WORTH,,"{'goal': 'GOAL_1DAY_PURCHASE_ROAS', 'expected_roi': 0.023}",[205],"[301, 205]",,"[51, 85, 102, 203, 38, 631, 632]",['BEHAVIOR_INTEREST_INTENSITY_ALL'],"['保时捷', '凯迪拉克', '奔驰', '奥迪', '宝马', '本田', '沃尔沃', '法拉利', '豪车', '跑车', '迈巴赫']",['BEHAVIOR_INTEREST_SCENE_ALL'],BEHAVIOR_INTEREST_TIME_WINDOW_SEVEN_DAY,['OPTIMIZATIONGOAL_APP_ACTIVATE'],EXCLUDED_DIMENSION_APP,,,,38823,,1480,"{'override_canvas_head_option': 'OPTION_CREATIVE_OVERRIDE_CANVAS', 'page_id': 2245167293}",PAGE_TYPE_CANVAS_WECHAT,['SITE_SET_MOMENTS'],,1552323463,PROMOTED_OBJECT_TYPE_APP_IOS,False,DOWNLOAD_APP,LINK_PAGE_TYPE_DEFAULT,525279,,"{'short_video_struct': {'short_video1': 114675}, 'title': '闯关+逃生，没WiFi也能玩一天，试试你能过几关？'}",20,2021-10-04,45350.63,1740.0,0.038368,0.0403
8791,1001447,21395,1015369,0,2021-09-28 17:55:14,OPTIMIZATIONGOAL_APP_ACTIVATE,111111111111111111111111111111111111111111111111111111111111111111111111111111111111111111111111111111111111111111111111111111111111111111111111111111111111110000111111111111111111111111111111111111111111111111111111111111111111111111111111111111111111111111111111111111111111111111111111111111111111111111111111111111111111111111111111,BID_STRATEGY_AVERAGE_COST,14000,0,True,['age'],['NOT_INSTALLED'],['MALE'],,"[{'min': 23, 'max': 66}]",,DEEP_CONVERSION_WORTH,,"{'goal': 'GOAL_1DAY_PURCHASE_ROAS', 'expected_roi': 0.023}",[205],"[301, 205]",,"[51, 85, 102, 203, 38, 631, 632]",['BEHAVIOR_INTEREST_INTENSITY_ALL'],"['保时捷', '凯迪拉克', '奔驰', '奥迪', '宝马', '本田', '沃尔沃', '法拉利', '豪车', '跑车', '迈巴赫']",['BEHAVIOR_INTEREST_SCENE_ALL'],BEHAVIOR_INTEREST_TIME_WINDOW_SEVEN_DAY,['OPTIMIZATIONGOAL_APP_ACTIVATE'],EXCLUDED_DIMENSION_APP,,,,36075,,1480,"{'override_canvas_head_option': 'OPTION_CREATIVE_OVERRIDE_CANVAS', 'page_id': 2245167293}",PAGE_TYPE_CANVAS_WECHAT,['SITE_SET_MOMENTS'],,1552323463,PROMOTED_OBJECT_TYPE_APP_IOS,False,DOWNLOAD_GAME,LINK_PAGE_TYPE_DEFAULT,525279,,"{'short_video_struct': {'short_video1': 101975}, 'title': '闯关+逃生，没WiFi也能玩一天，试试你能过几关？'}",20,2021-10-03,11201.68,218.0,0.019461,0.0244
8791,1001447,21395,1038480,0,2021-10-01 18:09:35,OPTIMIZATIONGOAL_APP_ACTIVATE,111111111111111111111111111111111111111111111111111111111111111111111111111111111111111111111111111111111111111111111111111111111111111111111111111111111111111111111111111111111111111111111111111111111111111111111111111111111111111111111111111111111111111111111111111111111111111111111111111111111111111111111111111111111111111111111111,BID_STRATEGY_TARGET_COST,13636,0,False,[],['NOT_INSTALLED'],,,"[{'min': 25, 'max': 66}]",,DEEP_CONVERSION_WORTH,,"{'goal': 'GOAL_1DAY_PURCHASE_ROAS', 'expected_roi': 0.023}",[205],"[301, 205]",,"[51, 85, 102, 203, 38, 631, 632]",['BEHAVIOR_INTEREST_INTENSITY_ALL'],"['保时捷', '凯迪拉克', '奔驰', '奥迪', '宝马', '本田', '沃尔沃', '法拉利', '豪车', '跑车', '迈巴赫']",['BEHAVIOR_INTEREST_SCENE_ALL'],BEHAVIOR_INTEREST_TIME_WINDOW_SEVEN_DAY,['OPTIMIZATIONGOAL_APP_ACTIVATE'],EXCLUDED_DIMENSION_APP,,,,37812,,1480,"{'override_canvas_head_option': 'OPTION_CREATIVE_OVERRIDE_CANVAS', 'page_id': 2245167293}",PAGE_TYPE_CANVAS_WECHAT,['SITE_SET_MOMENTS'],,1552323463,PROMOTED_OBJECT_TYPE_APP_IOS,False,DOWNLOAD_GAME,LINK_PAGE_TYPE_DEFAULT,525279,,"{'short_video_struct': {'short_video1': 109664}, 'title': '闯关+逃生，没WiFi也能玩一天，试试你能过几关？'}",149,2021-10-04,12848.8,194.0,0.015099,0.0444
8800,1001447,21340,1030395,0,2021-09-30 14:03:22,OPTIMIZATIONGOAL_APP_ACTIVATE,111111111111111111111111111111111111111111111111111111111111111111111111111111111111111111111111111111111111111111111111111111111111111111111111111111111111111111111111111111111111111111111111111111111111111111111111111111111111111111111111111111111111111111111111111111111111111111111111111111111111111111111111111111111111111111111111,BID_STRATEGY_TARGET_COST,18539,0,False,[],,['MALE'],,"[{'min': 24, 'max': 66}]",,DEEP_CONVERSION_WORTH,,"{'goal': 'GOAL_1DAY_PURCHASE_ROAS', 'expected_roi': 0.024}",[205],[205],,[205],['BEHAVIOR_INTEREST_INTENSITY_HIGH'],,['BEHAVIOR_INTEREST_SCENE_ALL'],BEHAVIOR_INTEREST_TIME_WINDOW_THIRTY_DAY,,,,,,37784,,1480,"{'override_canvas_head_option': 'OPTION_CREATIVE_OVERRIDE_CANVAS', 'page_id': 2250407916}",PAGE_TYPE_CANVAS_WECHAT,['SITE_SET_MOMENTS'],,1552323463,PROMOTED_OBJECT_TYPE_APP_IOS,False,DOWNLOAD_GAME,LINK_PAGE_TYPE_DEFAULT,512170,,"{'short_video_struct': {'short_video1': 109491}, 'title': '只用一根手指，没有wifi也能玩一天！'}",20,2021-10-02,790.5,208.0,0.263125,0.5
8800,1001447,21340,1030667,0,2021-09-30 14:15:17,OPTIMIZATIONGOAL_APP_ACTIVATE,111111111111111111111111111111111111111111111111111111111111111111111111111111111111111111111111111111111111111111111111111111111111111111111111111111111111111111111111111111111111111111111111111111111111111111111111111111111111111111111111111111111111111111111111111111111111111111111111111111111111111111111111111111111111111111111111,BID_STRATEGY_TARGET_COST,18210,0,True,[],,['MALE'],,"[{'min': 24, 'max': 48}]",,DEEP_CONVERSION_WORTH,,"{'goal': 'GOAL_1DAY_PURCHASE_ROAS', 'expected_roi': 0.024}",,,,,,,,,,,,,,38335,,1480,"{'override_canvas_head_option': 'OPTION_CREATIVE_OVERRIDE_CANVAS', 'page_id': 2250407916}",PAGE_TYPE_CANVAS_WECHAT,['SITE_SET_MOMENTS'],,1552323463,PROMOTED_OBJECT_TYPE_APP_IOS,False,DOWNLOAD_GAME,LINK_PAGE_TYPE_DEFAULT,512170,,"{'short_video_struct': {'short_video1': 112525}, 'title': '只用一根手指，没有wifi也能玩一天！'}",20,2021-10-02,595.88,366.0,0.614218,0.5
8929,1001444,21358,1041490,0,2021-10-02 16:33:20,OPTIMIZATIONGOAL_FIRST_PURCHASE,111111000000000111111111111111111111111111111111111111000000000111111111111111111111111111111111111111000000000111111111111111111111111111111111111111000000000111111111111111111111111111111111111111000000000111111111111111111111111111111111111111000000000111111111111111111111111111111111111111000000000111111111111111111111111111111111,BID_STRATEGY_AVERAGE_COST,401533,0,False,[],['NOT_INSTALLED'],,,"[{'min': 20, 'max': 66}]",,,,,,,,,,,,,,,,,,37613,,720,,PAGE_TYPE_DEFAULT,"['SITE_SET_QQ_MUSIC_GAME', 'SITE_SET_KANDIAN', 'SITE_SET_TENCENT_NEWS', 'SITE_SET_TENCENT_VIDEO', 'SITE_SET_MOBILE_UNION']",[],1558408617,PROMOTED_OBJECT_TYPE_APP_IOS,False,,,,,"{'image': 108489, 'bottom_text': '你牛你来试试！', 'description': '智商149卡在了39关，这款游戏太烧脑，你能过几关？', 'video': 108489, 'button_text': '立即试玩', 'title': '无限关卡游戏，休闲不伤脑。', 'brand': {'brand_name': '绝地末日', 'brand_img': 101812}}",20,2021-10-03,714.28,482.0,0.674805,0.2
8929,1001444,21358,1047172,0,2021-10-04 23:09:48,OPTIMIZATIONGOAL_APP_ACTIVATE,111111000000000111111111111111111111111111111111111111000000000111111111111111111111111111111111111111000000000111111111111111111111111111111111111111000000000111111111111111111111111111111111111111000000000111111111111111111111111111111111111111000000000111111111111111111111111111111111111111000000000111111111111111111111111111111111,BID_STRATEGY_TARGET_COST,16676,0,False,[],['NOT_INSTALLED'],,,"[{'min': 20, 'max': 66}]",,DEEP_CONVERSION_WORTH,,"{'goal': 'GOAL_1DAY_PURCHASE_ROAS', 'expected_roi': 0.022}",,,,,,,,,,,,,,38354,,720,,PAGE_TYPE_DEFAULT,"['SITE_SET_QQ_MUSIC_GAME', 'SITE_SET_KANDIAN', 'SITE_SET_TENCENT_NEWS', 'SITE_SET_TENCENT_VIDEO', 'SITE_SET_MOBILE_UNION']",[],1558408617,PROMOTED_OBJECT_TYPE_APP_IOS,False,,,,,"{'image': 112593, 'bottom_text': '你牛你来试试！', 'description': '智商149卡在了39关，这款游戏太烧脑，你能过几关？', 'video': 112593, 'button_text': '立即试玩', 'title': '无限关卡游戏，休闲不伤脑。', 'brand': {'brand_name': '绝地末日', 'brand_img': 101812}}",20,2021-10-07,778.86,200.0,0.256786,0.1
8929,1001444,21358,1047178,0,2021-10-04 23:10:26,OPTIMIZATIONGOAL_APP_ACTIVATE,111111000000000111111111111111111111111111111111111111000000000111111111111111111111111111111111111111000000000111111111111111111111111111111111111111000000000111111111111111111111111111111111111111000000000111111111111111111111111111111111111111000000000111111111111111111111111111111111111111000000000111111111111111111111111111111111,BID_STRATEGY_TARGET_COST,17463,0,False,[],['NOT_INSTALLED'],,,"[{'min': 20, 'max': 66}]",,DEEP_CONVERSION_WORTH,,"{'goal': 'GOAL_1DAY_PURCHASE_ROAS', 'expected_roi': 0.022}",,,,,,,,,,,,,,39297,,720,,PAGE_TYPE_DEFAULT,"['SITE_SET_QQ_MUSIC_GAME', 'SITE_SET_KANDIAN', 'SITE_SET_TENCENT_NEWS', 'SITE_SET_TENCENT_VIDEO', 'SITE_SET_MOBILE_UNION']",[],1558408617,PROMOTED_OBJECT_TYPE_APP_IOS,False,,,,,"{'image': 116830, 'bottom_text': '你牛你来试试！', 'description': '智商149卡在了39关，这款游戏太烧脑，你能过几关？', 'video': 116830, 'button_text': '立即试玩', 'title': '无限关卡游戏，休闲不伤脑。', 'brand': {'brand_name': '绝地末日', 'brand_img': 101812}}",20,2021-10-05,703.08,48.0,0.068271,0.25
8929,1001444,21358,1047187,0,2021-10-04 23:10:26,OPTIMIZATIONGOAL_APP_ACTIVATE,111111000000000111111111111111111111111111111111111111000000000111111111111111111111111111111111111111000000000111111111111111111111111111111111111111000000000111111111111111111111111111111111111111000000000111111111111111111111111111111111111111000000000111111111111111111111111111111111111111000000000111111111111111111111111111111111,BID_STRATEGY_TARGET_COST,16615,0,False,[],['NOT_INSTALLED'],,,"[{'min': 20, 'max': 66}]",,DEEP_CONVERSION_WORTH,,"{'goal': 'GOAL_1DAY_PURCHASE_ROAS', 'expected_roi': 0.022}",,,,,,,,,,,,,,39206,,720,,PAGE_TYPE_DEFAULT,"['SITE_SET_QQ_MUSIC_GAME', 'SITE_SET_KANDIAN', 'SITE_SET_TENCENT_NEWS', 'SITE_SET_TENCENT_VIDEO', 'SITE_SET_MOBILE_UNION']",[],1558408617,PROMOTED_OBJECT_TYPE_APP_IOS,False,,,,,"{'image': 116442, 'bottom_text': '你牛你来试试！', 'description': '智商149卡在了39关，这款游戏太烧脑，你能过几关？', 'video': 116442, 'button_text': '立即试玩', 'title': '无限关卡游戏，休闲不伤脑。', 'brand': {'brand_name': '绝地末日', 'brand_img': 101812}}",27,2021-10-06,715.86,116.0,0.162043,0.5
8937,1001446,20143,1043359,0,2021-10-03 09:36:14,OPTIMIZATIONGOAL_FIRST_PURCHASE,111111111111111111111111111111111111111111111111111111111111111111111111111111111111111111111111111111111111100000001111111111111111111111111111111111111111100000001111111111111111111111111111111111111111111111111111111111111111111111111111111111111111111111111111111111111111111111111111111111111111111111111111111111111111111111111111,BID_STRATEGY_AVERAGE_COST,424021,0,False,[],['NOT_INSTALLED'],['MALE'],,"[{'min': 24, 'max': 60}]",,,,,[205],"[38, 631, 632]",,"[163, 85, 102, 809, 38, 72, 162]",['BEHAVIOR_INTEREST_INTENSITY_ALL'],"['世界末日', '中土世界', '凯迪拉克', '奔驰', '奥迪', '宝马', '末日', '末日世界', '末日浩劫', '沃尔沃', '豪华车', '雷克萨斯', '魔鬼末日']",['BEHAVIOR_INTEREST_SCENE_ALL'],BEHAVIOR_INTEREST_TIME_WINDOW_THIRTY_DAY,['OPTIMIZATIONGOAL_APP_DOWNLOAD'],EXCLUDED_DIMENSION_APP,,,,34373,,721,"{'override_canvas_head_option': 'OPTION_CREATIVE_OVERRIDE_CANVAS', 'page_id': 2255411413}",PAGE_TYPE_CANVAS_WECHAT,['SITE_SET_MOMENTS'],,1573087927,PROMOTED_OBJECT_TYPE_APP_IOS,False,DOWNLOAD_APP,LINK_PAGE_TYPE_DEFAULT,522514,,"{'video': 106026, 'title': '智商149卡在了39关，这款游戏太烧脑，你能过几关？'}",20,2021-10-03,3448.12,80.0,0.023201,0.0417
8938,1001447,20143,1048069,0,2021-10-05 11:10:18,OPTIMIZATIONGOAL_APP_ACTIVATE,111111111111111111111111111111111111111111111111111111111111111111111111111111111111111111111111111111111111111111111111111111111111111111111111111111111111111111111111111111111111111111111111111111111111111111111111111111111111111111111111111111111111111111111111111111111111111111111111111111111111111111111111111111111111111111111111,BID_STRATEGY_AVERAGE_COST,12139,0,False,[],,['MALE'],,"[{'min': 24, 'max': 60}]",,DEEP_CONVERSION_WORTH,,"{'goal': 'GOAL_1DAY_PURCHASE_ROAS', 'expected_roi': 0.015}",,,,,,,,,,,,,,38868,,721,,PAGE_TYPE_DEFAULT,"['SITE_SET_QQ_MUSIC_GAME', 'SITE_SET_KANDIAN', 'SITE_SET_TENCENT_NEWS', 'SITE_SET_TENCENT_VIDEO', 'SITE_SET_MOBILE_UNION']","['丧尸', '末日', '礼包', '氪金', 'ssr']",1552323463,PROMOTED_OBJECT_TYPE_APP_IOS,False,,,,,"{'image': 114852, 'description': '朋友被我带入坑，玩得比我还猛！', 'video': 114852, 'button_text': '立即下载', 'title': '幸存者挑战', 'brand': {'brand_name': '幸存者挑战', 'brand_img': 71531}}",20,2021-10-07,712.15,140.0,0.196588,0.5
9121,1001446,20143,1023364,0,2021-09-29 15:21:20,OPTIMIZATIONGOAL_APP_ACTIVATE,111111111111111111111111111111111111111111111111111111111111111111111111111111111111111111111111111111111111111111111111111111111111111111111111111111111111111111111111111111111111111111111111111111111111111111111111111111111111111111111111111111111111111111111111111111111111111111111111111111111111111111111111111111111111111111111111,BID_STRATEGY_AVERAGE_COST,210729,0,False,[],,['MALE'],,"[{'min': 24, 'max': 66}]",,DEEP_CONVERSION_WORTH,,"{'goal': 'GOAL_1DAY_PURCHASE_ROAS', 'expected_roi': 0.022}",,,,,,,,,,,,,,38868,,721,"{'override_canvas_head_option': 'OPTION_CREATIVE_OVERRIDE_CANVAS', 'page_id': 2270524789}",PAGE_TYPE_CANVAS_WECHAT,['SITE_SET_MOMENTS'],,1573087927,PROMOTED_OBJECT_TYPE_APP_IOS,False,DOWNLOAD_APP,LINK_PAGE_TYPE_DEFAULT,554828,,"{'video': 114852, 'title': '朋友被我带入坑，玩的比我还厉害！'}",20,2021-10-02,1149.02,472.0,0.410785,0.2
9126,1001447,21213,1029121,0,2021-09-30 10:06:31,OPTIMIZATIONGOAL_FIRST_PURCHASE,111111111111111111111111111111111111111111111111111111111111111111111111111111111111111111111111111111111111000000111111111111111111111111111111111111111111000000111111111111111111111111111111111111111111111111111111111111111111111111111111111111111111111111111111111111111111111111111111111111111111111111111111111111111111111111111111,BID_STRATEGY_AVERAGE_COST,421850,0,False,[],['NOT_INSTALLED'],['MALE'],,"[{'min': 24, 'max': 66}]",,,,,,,,,,,,,['OPTIMIZATIONGOAL_APP_ACTIVATE'],EXCLUDED_DIMENSION_APP,,,,39298,,720,,PAGE_TYPE_DEFAULT,"['SITE_SET_QQ_MUSIC_GAME', 'SITE_SET_KANDIAN', 'SITE_SET_TENCENT_NEWS', 'SITE_SET_TENCENT_VIDEO', 'SITE_SET_MOBILE_UNION']",[],1552323463,PROMOTED_OBJECT_TYPE_APP_IOS,False,,,,,"{'image': 116838, 'description': '闯关+逃生，没WiFi也能玩一天，试试你能过几关？', 'video': 116838, 'button_text': '立即下载', 'title': '无限游戏，休闲好玩又过瘾', 'brand': {'brand_name': 'N1计划', 'brand_img': 71531}}",20,2021-10-01,1102.94,140.0,0.126933,0.0909
9127,1001447,21213,1029849,0,2021-09-30 11:28:16,OPTIMIZATIONGOAL_APP_ACTIVATE,111111111111111111111111111111111111111111111111111111111111111111111111111111111111111111111111111111111111000000111111111111111111111111111111111111111111000000111111111111111111111111111111111111111111111111111111111111111111111111111111111111111111111111111111111111111111111111111111111111111111111111111111111111111111111111111111,BID_STRATEGY_AVERAGE_COST,10792,0,False,[],['NOT_INSTALLED'],['MALE'],,"[{'min': 24, 'max': 66}]",,DEEP_CONVERSION_WORTH,,"{'goal': 'GOAL_1DAY_PURCHASE_ROAS', 'expected_roi': 0.02}",,,,,,,,,['OPTIMIZATIONGOAL_APP_DOWNLOAD'],EXCLUDED_DIMENSION_APP,,,,38396,,720,,PAGE_TYPE_DEFAULT,"['SITE_SET_QQ_MUSIC_GAME', 'SITE_SET_KANDIAN', 'SITE_SET_TENCENT_NEWS', 'SITE_SET_TENCENT_VIDEO', 'SITE_SET_MOBILE_UNION']",[],1552323463,PROMOTED_OBJECT_TYPE_APP_IOS,False,,,,,"{'image': 113497, 'description': '闯关+逃生，没WiFi也能玩一天，试试你能过几关？', 'video': 113497, 'button_text': '立即下载', 'title': '无限游戏，休闲好玩又刺激', 'brand': {'brand_name': 'N1计划', 'brand_img': 78613}}",20,2021-10-05,5373.79,84.0,0.015631,0.0714
9127,1001447,21213,1029855,0,2021-09-30 11:29:12,OPTIMIZATIONGOAL_APP_ACTIVATE,111111111111111111111111111111111111111111111111111111111111111111111111111111111111111111111111111111111111000000111111111111111111111111111111111111111111000000111111111111111111111111111111111111111111111111111111111111111111111111111111111111111111111111111111111111111111111111111111111111111111111111111111111111111111111111111111,BID_STRATEGY_AVERAGE_COST,10058,0,False,[],['NOT_INSTALLED'],['MALE'],,"[{'min': 24, 'max': 66}]",,DEEP_CONVERSION_WORTH,,"{'goal': 'GOAL_1DAY_PURCHASE_ROAS', 'expected_roi': 0.02}",,,,,,,,,['OPTIMIZATIONGOAL_APP_DOWNLOAD'],EXCLUDED_DIMENSION_APP,,,,35378,,720,,PAGE_TYPE_DEFAULT,"['SITE_SET_QQ_MUSIC_GAME', 'SITE_SET_KANDIAN', 'SITE_SET_TENCENT_NEWS', 'SITE_SET_TENCENT_VIDEO', 'SITE_SET_MOBILE_UNION']",[],1552323463,PROMOTED_OBJECT_TYPE_APP_IOS,False,,,,,"{'image': 104710, 'description': '闯关+逃生，没WiFi也能玩一天，试试你能过几关？', 'video': 104710, 'button_text': '立即下载', 'title': '无限游戏，休闲好玩又刺激', 'brand': {'brand_name': 'N1计划', 'brand_img': 78613}}",20,2021-10-06,978.72,246.0,0.251349,0.3333
9127,1001447,21213,1040841,0,2021-10-02 11:28:15,OPTIMIZATIONGOAL_FIRST_PURCHASE,111111111111111111111111111111111111111111111111111111111111111111111111111111111111111111111111111111111111000000111111111111111111111111111111111111111111000000111111111111111111111111111111111111111111111111111111111111111111111111111111111111111111111111111111111111111111111111111111111111111111111111111111111111111111111111111111,BID_STRATEGY_AVERAGE_COST,403678,0,False,[],['NOT_INSTALLED'],['MALE'],,"[{'min': 24, 'max': 66}]",,,,,,,,,,,,,['OPTIMIZATIONGOAL_APP_ACTIVATE'],EXCLUDED_DIMENSION_APP,,,,38396,,720,,PAGE_TYPE_DEFAULT,"['SITE_SET_QQ_MUSIC_GAME', 'SITE_SET_KANDIAN', 'SITE_SET_TENCENT_NEWS', 'SITE_SET_TENCENT_VIDEO', 'SITE_SET_MOBILE_UNION']",[],1552323463,PROMOTED_OBJECT_TYPE_APP_IOS,False,,,,,"{'image': 113497, 'description': '超魔性策略小游戏，试试你能闯几关', 'video': 113497, 'button_text': '立即下载', 'title': '无限游戏，休闲好玩又刺激', 'brand': {'brand_name': 'N1计划', 'brand_img': 78613}}",20,2021-10-02,5465.05,146.0,0.026715,0.0213
9127,1001446,21213,1046675,0,2021-10-04 16:50:14,OPTIMIZATIONGOAL_APP_ACTIVATE,111111111111111111111111111111111111111111111111111111111111111111111111111111111111111111111111111111111111000000111111111111111111111111111111111111111111000000111111111111111111111111111111111111111111111111111111111111111111111111111111111111111111111111111111111111111111111111111111111111111111111111111111111111111111111111111111,BID_STRATEGY_AVERAGE_COST,15233,0,False,[],['NOT_INSTALLED'],['MALE'],,"[{'min': 24, 'max': 66}]",,DEEP_CONVERSION_WORTH,,"{'goal': 'GOAL_1DAY_PURCHASE_ROAS', 'expected_roi': 0.02}",,,,,,,,,['OPTIMIZATIONGOAL_APP_DOWNLOAD'],EXCLUDED_DIMENSION_APP,,,,34203,,720,,PAGE_TYPE_DEFAULT,"['SITE_SET_QQ_MUSIC_GAME', 'SITE_SET_KANDIAN', 'SITE_SET_TENCENT_NEWS', 'SITE_SET_TENCENT_VIDEO', 'SITE_SET_MOBILE_UNION']",[],1573087927,PROMOTED_OBJECT_TYPE_APP_IOS,False,,,,,"{'image': 104884, 'description': '超魔性策略小游戏，试试你能闯几关', 'video': 104884, 'button_text': '立即下载', 'title': '无限游戏，休闲好玩又刺激', 'brand': {'brand_name': '幸存挑战', 'brand_img': 112395}}",20,2021-10-06,286.3,80.0,0.279427,0.5
9127,1001446,21213,1046674,0,2021-10-04 16:50:14,OPTIMIZATIONGOAL_APP_ACTIVATE,111111111111111111111111111111111111111111111111111111111111111111111111111111111111111111111111111111111111000000111111111111111111111111111111111111111111000000111111111111111111111111111111111111111111111111111111111111111111111111111111111111111111111111111111111111111111111111111111111111111111111111111111111111111111111111111111,BID_STRATEGY_AVERAGE_COST,11802,0,False,[],['NOT_INSTALLED'],['MALE'],,"[{'min': 24, 'max': 66}]",,DEEP_CONVERSION_WORTH,,"{'goal': 'GOAL_1DAY_PURCHASE_ROAS', 'expected_roi': 0.02}",,,,,,,,,['OPTIMIZATIONGOAL_APP_DOWNLOAD'],EXCLUDED_DIMENSION_APP,,,,38613,,720,,PAGE_TYPE_DEFAULT,"['SITE_SET_QQ_MUSIC_GAME', 'SITE_SET_KANDIAN', 'SITE_SET_TENCENT_NEWS', 'SITE_SET_TENCENT_VIDEO', 'SITE_SET_MOBILE_UNION']",[],1573087927,PROMOTED_OBJECT_TYPE_APP_IOS,False,,,,,"{'image': 113833, 'description': '超魔性策略小游戏，试试你能闯几关', 'video': 113833, 'button_text': '立即下载', 'title': '无限游戏，休闲好玩又刺激', 'brand': {'brand_name': '幸存挑战', 'brand_img': 112395}}",20,2021-10-05,2263.65,238.0,0.10514,0.1111
9198,1001447,21337,1040602,0,2021-10-02 10:11:17,OPTIMIZATIONGOAL_APP_ACTIVATE,111111111111111111111111111111111111111111111111111111111111111111111111111111111111111111111111111111111111111111111111111111111111111111111111111111111111111111111111111111111111111111111111111111111111111111111111111111111111111111111111111111111111111111111111111111111111111111111111111111111111111111111111111111111111111111111111,BID_STRATEGY_AVERAGE_COST,8148,0,False,[],['NOT_INSTALLED'],,,"[{'min': 24, 'max': 48}]",,DEEP_CONVERSION_WORTH,,"{'goal': 'GOAL_1DAY_PURCHASE_ROAS', 'expected_roi': 0.02}",[893],[205],"['梦幻西游', 'qq飞车', 'qq飞车手游', '一念逍遥', '万国觉醒', '王者荣耀', '王者', '荣耀王者', '和平精英', '掌上和平精英', '梦幻西游网页版', '梦幻西游玩家', '三国志', '三国志2', '斗罗大陆', '斗罗大陆手游', '穿越火线', '手游穿越火线', '穿越火线-枪战王者', '原神', '原神觉醒', '梦幻新诛仙', '梦幻新诛仙3', '梦幻新诛仙手游', '天涯明月刀', '天涯明月刀手游', '大话西游', '大话西游手游', '火影忍者', '火影忍者手游', '小浣熊百将传', '金铲铲之战', '万国觉醒手游', '阴阳师世界', '阴阳师手游', '航海王热血航线', '斗地主', '欢乐斗地主', '经典斗地主']",[205],['BEHAVIOR_INTEREST_INTENSITY_ALL'],"['王者荣耀', '一念逍遥', '万国觉醒', '王者', '荣耀王者', '和平精英', '掌上和平精英', '梦幻西游', '梦幻西游网页版', '梦幻西游玩家', '三国志', '三国志2', '斗罗大陆', '斗罗大陆手游', '穿越火线', '手游穿越火线', '穿越火线-枪战王者', '原神', '原神觉醒', '梦幻新诛仙', '梦幻新诛仙3', '梦幻新诛仙手游', 'qq飞车', 'qq飞车手游', '天涯明月刀', '天涯明月刀手游', '大话西游', '大话西游手游', '火影忍者', '火影忍者手游', '小浣熊百将传', '金铲铲之战', '万国觉醒手游', '阴阳师世界', '阴阳师手游', '航海王热血航线', '斗地主', '欢乐斗地主', '经典斗地主']",['BEHAVIOR_INTEREST_SCENE_ALL'],BEHAVIOR_INTEREST_TIME_WINDOW_SEVEN_DAY,,,,,,39187,,720,,PAGE_TYPE_DEFAULT,"['SITE_SET_QQ_MUSIC_GAME', 'SITE_SET_KANDIAN', 'SITE_SET_TENCENT_NEWS', 'SITE_SET_TENCENT_VIDEO']",[],1552323463,PROMOTED_OBJECT_TYPE_APP_IOS,False,,,,,"{'image': 116326, 'description': '智商149卡在了39关，这款游戏太烧脑，你能过几关？', 'video': 116326, 'button_text': '下载应用', 'title': '无限游戏，休闲好玩又刺激', 'brand': {'brand_name': 'n1计划', 'brand_img': 78613}}",20,2021-10-03,578.6,190.0,0.328379,0.25
9199,1001447,21337,1036430,0,2021-10-01 09:33:15,OPTIMIZATIONGOAL_APP_ACTIVATE,111111111111111111111111111111111111111111111111111111111111111111111111111111111111111111111111111111111111111111111111111111111111111111111111111111111111111111111111111111111111111111111111111111111111111111111111111111111111111111111111111111111111111111111111111111111111111111111111111111111111111111111111111111111111111111111111,BID_STRATEGY_AVERAGE_COST,9875,0,False,[],['NOT_INSTALLED'],,,"[{'min': 22, 'max': 56}]",,DEEP_CONVERSION_WORTH,,"{'goal': 'GOAL_1DAY_PURCHASE_ROAS', 'expected_roi': 0.02}",[893],[205],,[205],['BEHAVIOR_INTEREST_INTENSITY_ALL'],,['BEHAVIOR_INTEREST_SCENE_ALL'],BEHAVIOR_INTEREST_TIME_WINDOW_SEVEN_DAY,,,,,,38993,,720,,PAGE_TYPE_DEFAULT,"['SITE_SET_QQ_MUSIC_GAME', 'SITE_SET_KANDIAN', 'SITE_SET_TENCENT_NEWS', 'SITE_SET_TENCENT_VIDEO', 'SITE_SET_MOBILE_UNION']",[],1552323463,PROMOTED_OBJECT_TYPE_APP_IOS,False,,,,,"{'image': 115444, 'description': '智商149卡在了39关，这款游戏太烧脑，你能过几关？', 'video': 115444, 'button_text': '下载应用', 'title': '无限游戏，休闲好玩又刺激', 'brand': {'brand_name': '幸存者挑战', 'brand_img': 71531}}",20,2021-10-02,2252.46,176.0,0.078137,0.0769
9199,1001447,21337,1048009,0,2021-10-05 10:25:17,OPTIMIZATIONGOAL_APP_ACTIVATE,111111111111111111111111111111111111111111111111111111111111111111111111111111111111111111111111111111111111111111111111111111111111111111111111111111111111111111111111111111111111111111111111111111111111111111111111111111111111111111111111111111111111111111111111111111111111111111111111111111111111111111111111111111111111111111111111,BID_STRATEGY_AVERAGE_COST,8167,0,False,[],['NOT_INSTALLED'],['MALE'],,"[{'min': 24, 'max': 46}]",,DEEP_CONVERSION_WORTH,,"{'goal': 'GOAL_1DAY_PURCHASE_ROAS', 'expected_roi': 0.02}",,,,,,,,,,,,,,39428,,720,,PAGE_TYPE_DEFAULT,"['SITE_SET_QQ_MUSIC_GAME', 'SITE_SET_KANDIAN', 'SITE_SET_TENCENT_NEWS', 'SITE_SET_TENCENT_VIDEO']",[],1552323463,PROMOTED_OBJECT_TYPE_APP_IOS,False,,,,,"{'image': 117371, 'description': '末日生存游戏，休闲不伤脑没wifi也能玩！', 'video': 117371, 'button_text': '下载应用', 'title': '无限游戏，休闲好玩又刺激', 'brand': {'brand_name': 'n1计划', 'brand_img': 78613}}",20,2021-10-05,213.29,60.0,0.281307,0.5
9217,1001617,21207,1036190,0,2021-10-01 09:05:19,OPTIMIZATIONGOAL_FIRST_PURCHASE,111111111111111111111111111111111111111111111111111111111111111111111111111111111111111111111111111111111100000000001111111111111111111111111111111111111100000000001111111111111111111111111111111111111111111111111111111111111111111111111111000000000000011111111111111111111111111111111111111111111111111111111111111111111111111111111111,BID_STRATEGY_AVERAGE_COST,377754,0,False,[],,['MALE'],,"[{'min': 20, 'max': 50}]",,,,,[205],"[205, 164, 16]",,"[205, 164, 16]",['BEHAVIOR_INTEREST_INTENSITY_ALL'],,['BEHAVIOR_INTEREST_SCENE_ALL'],BEHAVIOR_INTEREST_TIME_WINDOW_SEVEN_DAY,,,,,,38868,,720,,PAGE_TYPE_DEFAULT,"['SITE_SET_QQ_MUSIC_GAME', 'SITE_SET_KANDIAN', 'SITE_SET_TENCENT_NEWS', 'SITE_SET_TENCENT_VIDEO']",[],1570594902,PROMOTED_OBJECT_TYPE_APP_IOS,False,,,,,"{'image': 115435, 'description': '只用一根手指头，没wifi也能玩一天！', 'video': 115435, 'button_text': '下载游戏', 'title': '闯关+烧脑，你能玩到第几关？', 'brand': {'brand_name': '幸存挑战', 'brand_img': 112395}}",20,2021-10-01,3577.6,264.0,0.073792,0.0588
9220,1001617,21207,1036253,0,2021-10-01 09:08:14,OPTIMIZATIONGOAL_FIRST_PURCHASE,111111111111111111111111111111111111111111111111111111111111111111111111111111111111111111111111111111111100000000001111111111111111111111111111111111111100000000001111111111111111111111111111111111111111111111111111111111111111111111111111111111111111111111111111111111111111111111111111111111111111111111111111111111111111111111111111,BID_STRATEGY_AVERAGE_COST,410165,0,False,[],['NOT_INSTALLED'],['MALE'],,"[{'min': 20, 'max': 50}]",,,,,[893],[205],,[205],['BEHAVIOR_INTEREST_INTENSITY_ALL'],,['BEHAVIOR_INTEREST_SCENE_ALL'],BEHAVIOR_INTEREST_TIME_WINDOW_SEVEN_DAY,,,,,,39028,,720,,PAGE_TYPE_DEFAULT,"['SITE_SET_QQ_MUSIC_GAME', 'SITE_SET_KANDIAN', 'SITE_SET_TENCENT_NEWS', 'SITE_SET_TENCENT_VIDEO']",[],1570594902,PROMOTED_OBJECT_TYPE_APP_IOS,False,,,,,"{'image': 115616, 'description': '智商149卡在了39关，这款游戏太烧脑，你能过几关？', 'video': 115616, 'button_text': '下载游戏', 'title': '休闲好玩又刺激', 'brand': {'brand_name': 'N1计划', 'brand_img': 77752}}",20,2021-10-01,2177.71,122.0,0.056022,0.0741
9221,1001617,21207,1040405,0,2021-10-02 09:08:14,OPTIMIZATIONGOAL_FIRST_PURCHASE,111111111111111111111111111111111111111111111111111111111111111111111111111111111111111111111111111111111100000000001111111111111111111111111111111111111100000000001111111111111111111111111111111111111111111111111111111111111111111111111111111111111111111111111111111111111111111111111111111111111111111111111111111111111111111111111111,BID_STRATEGY_AVERAGE_COST,414049,0,False,[],['NOT_INSTALLED'],['MALE'],,"[{'min': 20, 'max': 50}]",,,,,[893],[205],,[205],['BEHAVIOR_INTEREST_INTENSITY_ALL'],,['BEHAVIOR_INTEREST_SCENE_ALL'],BEHAVIOR_INTEREST_TIME_WINDOW_SEVEN_DAY,,,,,,37791,,720,,PAGE_TYPE_DEFAULT,"['SITE_SET_QQ_MUSIC_GAME', 'SITE_SET_KANDIAN', 'SITE_SET_TENCENT_NEWS', 'SITE_SET_TENCENT_VIDEO', 'SITE_SET_MOBILE_UNION']",[],1570594902,PROMOTED_OBJECT_TYPE_APP_IOS,False,,,,,"{'image': 109556, 'description': '闯关+逃生，没WiFi也能玩一天，试试你能过几关？', 'video': 109556, 'button_text': '立即下载', 'title': '处处是陷阱，求生全靠智商~', 'brand': {'brand_name': 'N1计划', 'brand_img': 97196}}",20,2021-10-02,3770.56,366.0,0.097068,0.0357
9225,1001617,21207,1040269,0,2021-10-02 09:04:31,OPTIMIZATIONGOAL_FIRST_PURCHASE,111111111111111111111111111111111111111111111111111111111111111111111111111111111111111111111111111111111100000000001111111111111111111111111111111111111100000000001111111111111111111111111111111111111111111111111111111111111111111111111111000000000000011111111111111111111111111111111111111111111111111111111111111111111111111111111111,BID_STRATEGY_AVERAGE_COST,412657,0,False,[],,['MALE'],,"[{'min': 20, 'max': 50}]",,,,,[205],"[205, 164, 16]",,"[205, 164, 16]",['BEHAVIOR_INTEREST_INTENSITY_ALL'],,['BEHAVIOR_INTEREST_SCENE_ALL'],BEHAVIOR_INTEREST_TIME_WINDOW_SEVEN_DAY,,,,,,38683,,720,,PAGE_TYPE_DEFAULT,"['SITE_SET_QQ_MUSIC_GAME', 'SITE_SET_KANDIAN', 'SITE_SET_TENCENT_NEWS', 'SITE_SET_TENCENT_VIDEO', 'SITE_SET_MOBILE_UNION']",[],1570594902,PROMOTED_OBJECT_TYPE_APP_IOS,False,,,,,"{'image': 114221, 'description': '末日主题生存游戏，没有wifi也能玩！', 'video': 114221, 'button_text': '下载游戏', 'title': '休闲好玩又刺激', 'brand': {'brand_name': 'N1计划', 'brand_img': 77752}}",20,2021-10-02,515.88,60.0,0.116306,0.2
9226,1001617,21207,1036178,0,2021-10-01 09:05:19,OPTIMIZATIONGOAL_FIRST_PURCHASE,111111111111111111111111111111111111111111111111111111111111111111111111111111111111111111111111111111111100000000001111111111111111111111111111111111111100000000001111111111111111111111111111111111111111111111111111111111111111111111111111111111111111111111111111111111111111111111111111111111111111111111111111111111111111111111111111,BID_STRATEGY_TARGET_COST,418649,0,False,[],['NOT_INSTALLED'],,"['HIGH', 'NORMAL']","[{'min': 20, 'max': 50}]",,,,,[205],"[51, 85, 102, 160, 161, 814, 38, 631, 632]",,"[61, 1086, 85, 102, 809, 1657, 817, 818, 19, 831, 1104, 1105, 38, 631, 632]",['BEHAVIOR_INTEREST_INTENSITY_ALL'],,['BEHAVIOR_INTEREST_SCENE_ALL'],BEHAVIOR_INTEREST_TIME_WINDOW_SEVEN_DAY,['OPTIMIZATIONGOAL_APP_DOWNLOAD'],EXCLUDED_DIMENSION_APP,,,,38670,,1480,"{'override_canvas_head_option': 'OPTION_CREATIVE_OVERRIDE_CANVAS', 'page_id': '2270553984'}",PAGE_TYPE_CANVAS_WECHAT,['SITE_SET_MOMENTS'],,1570594902,PROMOTED_OBJECT_TYPE_APP_IOS,False,DOWNLOAD_APP,LINK_PAGE_TYPE_DEFAULT,555251,,"{'short_video_struct': {'short_video1': 114150}, 'title': '小姨子天天都在玩的，原来是这款游戏！'}",20,2021-10-01,440.91,234.0,0.530721,1.0
9228,1001447,21395,1038840,0,2021-10-01 18:30:16,OPTIMIZATIONGOAL_FIRST_PURCHASE,111111111111111111111111111111111111111111111111111111111111111111111111111111111111111111111111111111111111111111111111111111111111111111111111111111111111111111111111111111111111111111111111111111111111111111111111111111111111111111111111111111111111111111111111111111111111111111111111111111111111111111111111111111111111111111111111,BID_STRATEGY_AVERAGE_COST,422652,0,False,[],['NOT_INSTALLED'],['MALE'],,"[{'min': 24, 'max': 66}]","['WIFI', 'NET_4G']",,,,[205],[205],,[205],['BEHAVIOR_INTEREST_INTENSITY_ALL'],,['BEHAVIOR_INTEREST_SCENE_ALL'],BEHAVIOR_INTEREST_TIME_WINDOW_SEVEN_DAY,['OPTIMIZATIONGOAL_APP_ACTIVATE'],EXCLUDED_DIMENSION_APP,,,,38823,,721,,PAGE_TYPE_DEFAULT,"['SITE_SET_QQ_MUSIC_GAME', 'SITE_SET_KANDIAN', 'SITE_SET_TENCENT_NEWS', 'SITE_SET_TENCENT_VIDEO', 'SITE_SET_MOBILE_UNION']",[],1552323463,PROMOTED_OBJECT_TYPE_APP_IOS,False,,,,,"{'image': 114677, 'description': '智商149卡在了39关，这款游戏太烧脑，你能过几关？', 'video': 114677, 'button_text': '立即下载', 'title': '解谜逃生，你能过几关？', 'brand': {'brand_name': 'N1计划', 'brand_img': 112395}}",20,2021-10-02,589.46,396.0,0.671801,0.0625
9228,1001447,21395,1038841,0,2021-10-01 18:30:16,OPTIMIZATIONGOAL_FIRST_PURCHASE,111111111111111111111111111111111111111111111111111111111111111111111111111111111111111111111111111111111111111111111111111111111111111111111111111111111111111111111111111111111111111111111111111111111111111111111111111111111111111111111111111111111111111111111111111111111111111111111111111111111111111111111111111111111111111111111111,BID_STRATEGY_AVERAGE_COST,414652,0,False,[],['NOT_INSTALLED'],['MALE'],,"[{'min': 24, 'max': 66}]","['WIFI', 'NET_4G']",,,,[205],[205],,[205],['BEHAVIOR_INTEREST_INTENSITY_ALL'],,['BEHAVIOR_INTEREST_SCENE_ALL'],BEHAVIOR_INTEREST_TIME_WINDOW_SEVEN_DAY,['OPTIMIZATIONGOAL_APP_ACTIVATE'],EXCLUDED_DIMENSION_APP,,,,36767,,721,,PAGE_TYPE_DEFAULT,"['SITE_SET_QQ_MUSIC_GAME', 'SITE_SET_KANDIAN', 'SITE_SET_TENCENT_NEWS', 'SITE_SET_TENCENT_VIDEO', 'SITE_SET_MOBILE_UNION']",[],1552323463,PROMOTED_OBJECT_TYPE_APP_IOS,False,,,,,"{'image': 1513830, 'description': '智商149卡在了39关，这款游戏太烧脑，你能过几关？', 'video': 105011, 'button_text': '立即下载', 'title': '解谜逃生，你能过几关？', 'brand': {'brand_name': 'N1计划', 'brand_img': 112395}}",20,2021-10-02,4573.61,208.0,0.045478,0.0185
9228,1001447,21395,1038853,0,2021-10-01 18:30:31,OPTIMIZATIONGOAL_FIRST_PURCHASE,111111111111111111111111111111111111111111111111111111111111111111111111111111111111111111111111111111111111111111111111111111111111111111111111111111111111111111111111111111111111111111111111111111111111111111111111111111111111111111111111111111111111111111111111111111111111111111111111111111111111111111111111111111111111111111111111,BID_STRATEGY_AVERAGE_COST,439179,0,False,[],['NOT_INSTALLED'],['MALE'],,"[{'min': 24, 'max': 66}]","['WIFI', 'NET_4G']",,,,[205],[205],,[205],['BEHAVIOR_INTEREST_INTENSITY_ALL'],,['BEHAVIOR_INTEREST_SCENE_ALL'],BEHAVIOR_INTEREST_TIME_WINDOW_SEVEN_DAY,['OPTIMIZATIONGOAL_APP_ACTIVATE'],EXCLUDED_DIMENSION_APP,,,,39413,,721,,PAGE_TYPE_DEFAULT,"['SITE_SET_QQ_MUSIC_GAME', 'SITE_SET_KANDIAN', 'SITE_SET_TENCENT_NEWS', 'SITE_SET_TENCENT_VIDEO', 'SITE_SET_MOBILE_UNION']",[],1552323463,PROMOTED_OBJECT_TYPE_APP_IOS,False,,,,,"{'image': 117331, 'description': '这游戏太难，开局只有辆破卡车，周围全是丧尸，差点回不了基地！', 'video': 117331, 'button_text': '立即下载', 'title': '解谜逃生，你能过几关？', 'brand': {'brand_name': 'N1计划', 'brand_img': 112395}}","207,208",2021-10-06,25452.94,550.0,0.021609,0.0444
9317,1001444,21457,1033142,0,2021-09-30 16:22:31,OPTIMIZATIONGOAL_APP_ACTIVATE,111111111111111111111111111111111111111111111111111111111111111111111111111111111111111111111111111111111111111111111111111111111111111111111111111111111111111111111111111111111111111111111111111111111111111111111111111111111111111111111111111111111111111111111111111111111111111111111111111111111111111111111111111111111111111111111111,BID_STRATEGY_AVERAGE_COST,16888,0,False,[],,['MALE'],,"[{'min': 14, 'max': 66}]",,DEEP_CONVERSION_WORTH,,"{'goal': 'GOAL_1DAY_PURCHASE_ROAS', 'expected_roi': 0.015}",,,,,,,,,,,,,,38306,,720,,PAGE_TYPE_DEFAULT,,[],1558408617,PROMOTED_OBJECT_TYPE_APP_IOS,True,,,,,"{'image': 112328, 'description': '闯关+逃生，没WiFi也能玩一天，试试你能过几关？', 'video': 112328, 'button_text': '立即试玩', 'title': '休闲又解压，玩一天都不腻', 'brand': {'brand_name': '绝地末日', 'brand_img': 101812}}",20,2021-10-03,33931.69,540.0,0.015914,0.0089
9317,1001444,21457,1033117,0,2021-09-30 16:22:31,OPTIMIZATIONGOAL_APP_ACTIVATE,111111111111111111111111111111111111111111111111111111111111111111111111111111111111111111111111111111111111111111111111111111111111111111111111111111111111111111111111111111111111111111111111111111111111111111111111111111111111111111111111111111111111111111111111111111111111111111111111111111111111111111111111111111111111111111111111,BID_STRATEGY_AVERAGE_COST,16888,0,False,[],,['MALE'],,"[{'min': 14, 'max': 66}]",,DEEP_CONVERSION_WORTH,,"{'goal': 'GOAL_1DAY_PURCHASE_ROAS', 'expected_roi': 0.015}",,,,,,,,,,,,,,37613,,721,,PAGE_TYPE_DEFAULT,,[],1558408617,PROMOTED_OBJECT_TYPE_APP_IOS,True,,,,,"{'image': 108488, 'description': '闯关+逃生，没WiFi也能玩一天，试试你能过几关？', 'video': 108488, 'button_text': '立即试玩', 'title': '休闲又解压，玩一天都不腻', 'brand': {'brand_name': '绝地末日', 'brand_img': 101812}}",20,2021-10-01,11379.71,292.0,0.02566,0.0976
9317,1001444,21457,1033144,1,2021-09-30 16:22:31,OPTIMIZATIONGOAL_APP_ACTIVATE,111111111111111111111111111111111111111111111111111111111111111111111111111111111111111111111111111111111111111111111111111111111111111111111111111111111111111111111111111111111111111111111111111111111111111111111111111111111111111111111111111111111111111111111111111111111111111111111111111111111111111111111111111111111111111111111111,BID_STRATEGY_AVERAGE_COST,16888,2000000,False,[],,['MALE'],,"[{'min': 14, 'max': 66}]",,DEEP_CONVERSION_WORTH,,"{'goal': 'GOAL_1DAY_PURCHASE_ROAS', 'expected_roi': 0.015}",,,,,,,,,,,,,,34335,,721,,PAGE_TYPE_DEFAULT,,[],1558408617,PROMOTED_OBJECT_TYPE_APP_IOS,True,,,,,"{'image': 95628, 'description': '闯关+逃生，没WiFi也能玩一天，试试你能过几关？', 'video': 95628, 'button_text': '立即试玩', 'title': '休闲又解压，玩一天都不腻', 'brand': {'brand_name': '绝地末日', 'brand_img': 101812}}",20,2021-10-02,17857.14,268.0,0.015008,0.026
9317,1001444,21457,1033124,1,2021-09-30 16:22:32,OPTIMIZATIONGOAL_APP_ACTIVATE,111111111111111111111111111111111111111111111111111111111111111111111111111111111111111111111111111111111111111111111111111111111111111111111111111111111111111111111111111111111111111111111111111111111111111111111111111111111111111111111111000000000000000000000000000000000000000000000000111111111111111111111111111111111111111111111111,BID_STRATEGY_AVERAGE_COST,16888,2700000,False,[],,['MALE'],,"[{'min': 14, 'max': 66}]",,DEEP_CONVERSION_WORTH,,"{'goal': 'GOAL_1DAY_PURCHASE_ROAS', 'expected_roi': 0.015}",,,,,,,,,,,,,,38354,,721,,PAGE_TYPE_DEFAULT,,[],1558408617,PROMOTED_OBJECT_TYPE_APP_IOS,True,,,,,"{'image': 112592, 'description': '闯关+逃生，没WiFi也能玩一天，试试你能过几关？', 'video': 112592, 'button_text': '立即试玩', 'title': '休闲又解压，玩一天都不腻', 'brand': {'brand_name': '绝地末日', 'brand_img': 101812}}",20,2021-10-01,6300.23,102.0,0.01619,0.0313
9317,1001444,21457,1033135,0,2021-09-30 16:22:32,OPTIMIZATIONGOAL_APP_ACTIVATE,111111111111111111111111111111111111111111111111111111111111111111111111111111111111111111111111111111111111111111111111111111111111111111111111111111111111111111111111111111111111111111111111111111111111111111111111111111111111111111111111111111111111111111111111111111111111111111111111111111111111111111111111111111111111111111111111,BID_STRATEGY_AVERAGE_COST,16888,0,False,[],,['MALE'],,"[{'min': 14, 'max': 66}]",,DEEP_CONVERSION_WORTH,,"{'goal': 'GOAL_1DAY_PURCHASE_ROAS', 'expected_roi': 0.015}",,,,,,,,,,,,,,35381,,721,,PAGE_TYPE_DEFAULT,,[],1558408617,PROMOTED_OBJECT_TYPE_APP_IOS,True,,,,,"{'image': 99464, 'description': '闯关+逃生，没WiFi也能玩一天，试试你能过几关？', 'video': 99464, 'button_text': '立即试玩', 'title': '休闲又解压，玩一天都不腻', 'brand': {'brand_name': '绝地末日', 'brand_img': 101812}}",20,2021-10-06,1270.74,110.0,0.086564,0.125
9317,1001444,21457,1033445,0,2021-09-30 17:00:20,OPTIMIZATIONGOAL_APP_ACTIVATE,111111111111111111111111111111111111111111111111111111111111111111111111111111111111111111111111111111111111111111111111111111111111111111111111111111111111111111111111111111111111111111111111111111111111111111111111111111111111111111111111111111111111111111111111111111111111111111111111111111111111111111111111111111111111111111111111,BID_STRATEGY_AVERAGE_COST,16888,0,False,[],,['MALE'],,"[{'min': 14, 'max': 66}]",,DEEP_CONVERSION_WORTH,,"{'goal': 'GOAL_1DAY_PURCHASE_ROAS', 'expected_roi': 0.018}",,,,,,,,,,,,,,36075,,720,,PAGE_TYPE_DEFAULT,,[],1558408617,PROMOTED_OBJECT_TYPE_APP_IOS,True,,,,,"{'image': 101974, 'description': '闯关+逃生，没WiFi也能玩一天，试试你能过几关？', 'video': 101974, 'button_text': '立即试玩', 'title': '休闲又解压，玩一天都不腻', 'brand': {'brand_name': '绝地末日', 'brand_img': 101812}}",20,2021-10-07,15572.69,230.0,0.014769,0.027
9317,1001444,21457,1033440,0,2021-09-30 17:00:20,OPTIMIZATIONGOAL_APP_ACTIVATE,111111111111111111111111111111111111111111111111111111111111111111111111111111111111111111111111111111111111111111111111111111111111111111111111111111111111111111111111111111111111111111111111111111111111111111111111111111111111111111111111111111111111111111111111111111111111111111111111111111111111111111111111111111111111111111111111,BID_STRATEGY_AVERAGE_COST,16888,0,False,[],,['MALE'],,"[{'min': 14, 'max': 66}]",,DEEP_CONVERSION_WORTH,,"{'goal': 'GOAL_1DAY_PURCHASE_ROAS', 'expected_roi': 0.018}",,,,,,,,,,,,,,38359,,721,,PAGE_TYPE_DEFAULT,,[],1558408617,PROMOTED_OBJECT_TYPE_APP_IOS,True,,,,,"{'image': 112615, 'description': '闯关+逃生，没WiFi也能玩一天，试试你能过几关？', 'video': 112615, 'button_text': '立即试玩', 'title': '休闲又解压，玩一天都不腻', 'brand': {'brand_name': '绝地末日', 'brand_img': 101812}}",20,2021-10-07,272.47,208.0,0.763387,1.0
9317,1001444,21457,1033457,0,2021-09-30 17:00:31,OPTIMIZATIONGOAL_APP_ACTIVATE,111111111111111111111111111111111111111111111111000000000000000000000000000000000000000000000000111111111111111111111111111111111111111111111111111111111111111111111111111111111111111111111111111111111111111111111111111111111111111111111111111111111111111111111111111111111111111111111111111111111111111111111111111111111111111111111111,BID_STRATEGY_AVERAGE_COST,16888,0,False,[],,['MALE'],,"[{'min': 14, 'max': 66}]",,DEEP_CONVERSION_WORTH,,"{'goal': 'GOAL_1DAY_PURCHASE_ROAS', 'expected_roi': 0.018}",,,,,,,,,,,,,,38545,,720,,PAGE_TYPE_DEFAULT,,[],1558408617,PROMOTED_OBJECT_TYPE_APP_IOS,True,,,,,"{'image': 113441, 'description': '闯关+逃生，没WiFi也能玩一天，试试你能过几关？', 'video': 113441, 'button_text': '立即试玩', 'title': '休闲又解压，玩一天都不腻', 'brand': {'brand_name': '绝地末日', 'brand_img': 101812}}",20,2021-10-05,28349.54,856.0,0.030194,0.0222
9317,1001444,21457,1033455,0,2021-09-30 17:00:31,OPTIMIZATIONGOAL_APP_ACTIVATE,111111111111111111111111111111111111111111111111111111111111111111111111111111111111111111111111111111111111111111111111111111111111111111111111111111111111111111111111111111111111111111111111111111111111111111111111111111111111111111111111111111111111111111111111111111111111111111111111111111111111111111111111111111111111111111111111,BID_STRATEGY_AVERAGE_COST,16888,0,False,[],,['MALE'],,"[{'min': 14, 'max': 66}]",,DEEP_CONVERSION_WORTH,,"{'goal': 'GOAL_1DAY_PURCHASE_ROAS', 'expected_roi': 0.018}",,,,,,,,,,,,,,35378,,720,,PAGE_TYPE_DEFAULT,,[],1558408617,PROMOTED_OBJECT_TYPE_APP_IOS,True,,,,,"{'image': 99443, 'description': '闯关+逃生，没WiFi也能玩一天，试试你能过几关？', 'video': 99443, 'button_text': '立即试玩', 'title': '休闲又解压，玩一天都不腻', 'brand': {'brand_name': '绝地末日', 'brand_img': 101812}}",20,2021-10-05,2496.31,158.0,0.063293,0.1667
