image_id,ad_account_id,time_series,optimization_goal,bid_strategy,bid_amount,deep_conversion_type,deep_conversion_behavior_spec,deep_conversion_worth_spec,expand_enabled,expand_targeting,site_set,deep_link_url,adcreative_template_id,page_spec,link_page_spec,link_name_type,link_page_type,promoted_object_id,profile_id,promoted_object_type,automatic_site_enabled,adcreative_elements,game_id,platform,op_id,flag,game_name,operation,targeting,budget_mode,daily_budget
38835,9221,111111111111111111111111111111111111111111111111111111111111111111111111111111111111111111111111111111111100000000001111111111111111111111111111111111111100000000001111111111111111111111111111111111111111111111111111111111111111111111111111111111111111111111111111111111111111111111111111111111111111111111111111111111111111111111111111,OPTIMIZATIONGOAL_APP_ACTIVATE,BID_STRATEGY_AVERAGE_COST,12882,DEEP_CONVERSION_WORTH,,"{'goal': 'GOAL_1DAY_PURCHASE_ROAS', 'expected_roi': 0.022}",False,[],['SITE_SET_MOMENTS'],,1480,"{'override_canvas_head_option': 'OPTION_CREATIVE_OVERRIDE_CANVAS', 'page_id': ''}",{'page_id': ''},DOWNLOAD_GAME,LINK_PAGE_TYPE_DEFAULT,1573087927,,PROMOTED_OBJECT_TYPE_APP_IOS,False,"{'short_video_struct': {'short_video1': 114739}, 'title': '智商149卡在了39关，这款游戏太烧脑，你能过几关？'}",1001446,2,13678,CESHI_GDT_MR_IOS,曙光信仰,disable,"{'device_price': None, 'app_install_status': ['NOT_INSTALLED'], 'gender': ['MALE'], 'game_consumption_level': None, 'age': [{'min': 23, 'max': 49}], 'network_type': None, 'excluded_converted_audience': {'conversion_behavior_list': ['OPTIMIZATIONGOAL_APP_DOWNLOAD'], 'excluded_dimension': 'EXCLUDED_DIMENSION_APP'}, 'geo_location': {'regions': None, 'location_types': None}, 'intention': {'targeting_tags': [205]}, 'interest': {'category_id_list': [157, 205], 'keyword_list': None}, 'behavior': [{'category_id_list': [157, 205], 'intensity': ['BEHAVIOR_INTEREST_INTENSITY_ALL'], 'keyword_list': None, 'scene': ['BEHAVIOR_INTEREST_SCENE_ALL'], 'time_window': 'BEHAVIOR_INTEREST_TIME_WINDOW_SEVEN_DAY'}]}",0,0
38835,9226,111111111111111111111111111111111111111111111111111111111111111111111111111111111111111111111111111111111100000000001111111111111111111111111111111111111100000000001111111111111111111111111111111111111111111111111111111111111111111111111111111111111111111111111111111111111111111111111111111111111111111111111111111111111111111111111111,OPTIMIZATIONGOAL_FIRST_PURCHASE,BID_STRATEGY_AVERAGE_COST,416059,,,,False,[],['SITE_SET_MOMENTS'],,721,"{'override_canvas_head_option': 'OPTION_CREATIVE_OVERRIDE_CANVAS', 'page_id': ''}",{'page_id': ''},DOWNLOAD_APP,LINK_PAGE_TYPE_DEFAULT,1573087927,,PROMOTED_OBJECT_TYPE_APP_IOS,False,"{'video': 114735, 'title': '朋友被我带入坑，玩得比我还猛！'}",1001446,2,13678,CESHI_GDT_MR_IOS,曙光信仰,disable,"{'device_price': ['PRICE_4500_MORE', 'PRICE_3500_4500', 'PRICE_2500_3500'], 'app_install_status': ['NOT_INSTALLED'], 'gender': None, 'game_consumption_level': None, 'age': [{'min': 23, 'max': 66}], 'network_type': None, 'excluded_converted_audience': {'conversion_behavior_list': ['OPTIMIZATIONGOAL_APP_ACTIVATE'], 'excluded_dimension': 'EXCLUDED_DIMENSION_APP'}, 'geo_location': {'regions': None, 'location_types': None}, 'intention': {'targeting_tags': None}, 'interest': {'category_id_list': None, 'keyword_list': None}, 'behavior': [{'category_id_list': None, 'intensity': None, 'keyword_list': None, 'scene': None, 'time_window': None}]}",0,0
38683,9227,111111111111111111111111111111111111111111111111111111111111111111111111111111111111111111111111111111111100000000001111111111111111111111111111111111111100000000001111111111111111111111111111111111111111111111111111111111111111111111111111111111111111111111111111111111111111111111111111111111111111111111111111111111111111111111111111,OPTIMIZATIONGOAL_APP_ACTIVATE,BID_STRATEGY_AVERAGE_COST,12280,DEEP_CONVERSION_WORTH,,"{'goal': 'GOAL_1DAY_PURCHASE_ROAS', 'expected_roi': 0.022}",True,[],['SITE_SET_MOMENTS'],,721,"{'override_canvas_head_option': 'OPTION_CREATIVE_OVERRIDE_CANVAS', 'page_id': ''}",{'page_id': ''},DOWNLOAD_GAME,LINK_PAGE_TYPE_DEFAULT,1573087927,,PROMOTED_OBJECT_TYPE_APP_IOS,False,"{'video': 114222, 'title': '智商149卡在了39关，这款游戏太烧脑，你能过几关？'}",1001446,2,13678,CESHI_GDT_MR_IOS,曙光信仰,disable,"{'device_price': None, 'app_install_status': None, 'gender': None, 'game_consumption_level': None, 'age': [{'min': 24, 'max': 48}], 'network_type': None, 'excluded_converted_audience': {'conversion_behavior_list': None, 'excluded_dimension': None}, 'geo_location': {'regions': None, 'location_types': None}, 'intention': {'targeting_tags': [205]}, 'interest': {'category_id_list': [205], 'keyword_list': None}, 'behavior': [{'category_id_list': [205], 'intensity': ['BEHAVIOR_INTEREST_INTENSITY_ALL'], 'keyword_list': None, 'scene': ['BEHAVIOR_INTEREST_SCENE_ALL'], 'time_window': 'BEHAVIOR_INTEREST_TIME_WINDOW_THIRTY_DAY'}]}",0,0
38489,9218,111111111111111111111111111111111111111111111111111111111111111111111111111111111111111111111111111111111100000000001111111111111111111111111111111111111100000000001111111111111111111111111111111111111111111111111111111111111111111111111111111111111111111111111111111111111111111111111111111111111111111111111111111111111111111111111111,OPTIMIZATIONGOAL_APP_ACTIVATE,BID_STRATEGY_AVERAGE_COST,14950,DEEP_CONVERSION_WORTH,,"{'goal': 'GOAL_1DAY_PURCHASE_ROAS', 'expected_roi': 0.02}",True,['age'],['SITE_SET_MOMENTS'],,1480,"{'override_canvas_head_option': 'OPTION_CREATIVE_OVERRIDE_CANVAS', 'page_id': ''}",{'page_id': ''},DOWNLOAD_APP,LINK_PAGE_TYPE_DEFAULT,1573087927,,PROMOTED_OBJECT_TYPE_APP_IOS,False,"{'short_video_struct': {'short_video1': 113189}, 'title': '智商149卡在了39关，这款游戏太烧脑，你能过几关？'}",1001446,2,13678,CESHI_GDT_MR_IOS,曙光信仰,disable,"{'device_price': ['PRICE_4500_MORE', 'PRICE_3500_4500', 'PRICE_2500_3500'], 'app_install_status': ['NOT_INSTALLED'], 'gender': ['MALE'], 'game_consumption_level': None, 'age': [{'min': 20, 'max': 50}], 'network_type': None, 'excluded_converted_audience': {'conversion_behavior_list': ['OPTIMIZATIONGOAL_APP_DOWNLOAD'], 'excluded_dimension': 'EXCLUDED_DIMENSION_APP'}, 'geo_location': {'regions': None, 'location_types': None}, 'intention': {'targeting_tags': None}, 'interest': {'category_id_list': None, 'keyword_list': None}, 'behavior': [{'category_id_list': None, 'intensity': None, 'keyword_list': None, 'scene': None, 'time_window': None}]}",0,0
38489,9225,111111111111111111111111111111111111111111111111111111111111111111111111111111111111111111111111111111111100000000001111111111111111111111111111111111111100000000001111111111111111111111111111111111111111111111111111111111111111111111111111111111111111111111111111111111111111111111111111111111111111111111111111111111111111111111111111,OPTIMIZATIONGOAL_FIRST_PURCHASE,BID_STRATEGY_AVERAGE_COST,419731,,,,False,[],['SITE_SET_MOMENTS'],,1480,"{'override_canvas_head_option': 'OPTION_CREATIVE_OVERRIDE_CANVAS', 'page_id': ''}",{'page_id': ''},DOWNLOAD_GAME,LINK_PAGE_TYPE_DEFAULT,1573087927,,PROMOTED_OBJECT_TYPE_APP_IOS,False,"{'short_video_struct': {'short_video1': 113189}, 'title': '朋友被我带入坑，玩得比我还猛！'}",1001446,2,13678,CESHI_GDT_MR_IOS,曙光信仰,disable,"{'device_price': None, 'app_install_status': ['NOT_INSTALLED'], 'gender': None, 'game_consumption_level': ['HIGH', 'NORMAL'], 'age': [{'min': 24, 'max': 52}], 'network_type': None, 'excluded_converted_audience': {'conversion_behavior_list': ['OPTIMIZATIONGOAL_APP_ACTIVATE'], 'excluded_dimension': 'EXCLUDED_DIMENSION_APP'}, 'geo_location': {'regions': None, 'location_types': None}, 'intention': {'targeting_tags': [205]}, 'interest': {'category_id_list': [205], 'keyword_list': None}, 'behavior': [{'category_id_list': [38, 631, 632], 'intensity': ['BEHAVIOR_INTEREST_INTENSITY_ALL'], 'keyword_list': None, 'scene': ['BEHAVIOR_INTEREST_SCENE_ALL'], 'time_window': 'BEHAVIOR_INTEREST_TIME_WINDOW_SEVEN_DAY'}]}",0,0
37926,9224,111111111111111111111111111111111111111111111111111111111111111111111111111111111111111111111111111111111100000000001111111111111111111111111111111111111100000000001111111111111111111111111111111111111111111111111111111111111111111111111111111111111111111111111111111111111111111111111111111111111111111111111111111111111111111111111111,OPTIMIZATIONGOAL_APP_ACTIVATE,BID_STRATEGY_AVERAGE_COST,17732,DEEP_CONVERSION_WORTH,,"{'goal': 'GOAL_1DAY_PURCHASE_ROAS', 'expected_roi': 0.01}",False,[],['SITE_SET_MOMENTS'],,721,"{'override_canvas_head_option': 'OPTION_CREATIVE_OVERRIDE_CANVAS', 'page_id': ''}",{'page_id': ''},DOWNLOAD_APP,LINK_PAGE_TYPE_DEFAULT,1573087927,,PROMOTED_OBJECT_TYPE_APP_IOS,False,"{'video': 110571, 'title': '朋友被人带入坑，玩得比我还猛！'}",1001446,2,13678,CESHI_GDT_MR_IOS,曙光信仰,disable,"{'device_price': None, 'app_install_status': ['NOT_INSTALLED'], 'gender': ['MALE'], 'game_consumption_level': None, 'age': [{'min': 24, 'max': 66}], 'network_type': None, 'excluded_converted_audience': {'conversion_behavior_list': None, 'excluded_dimension': None}, 'geo_location': {'regions': None, 'location_types': None}, 'intention': {'targeting_tags': None}, 'interest': {'category_id_list': None, 'keyword_list': None}, 'behavior': [{'category_id_list': None, 'intensity': None, 'keyword_list': None, 'scene': None, 'time_window': None}]}",0,0
37926,9226,111111111111111111111111111111111111111111111111111111111111111111111111111111111111111111111111111111111100000000001111111111111111111111111111111111111100000000001111111111111111111111111111111111111111111111111111111111111111111111111111111111111111111111111111111111111111111111111111111111111111111111111111111111111111111111111111,OPTIMIZATIONGOAL_APP_ACTIVATE,BID_STRATEGY_AVERAGE_COST,11993,DEEP_CONVERSION_WORTH,,"{'goal': 'GOAL_1DAY_PURCHASE_ROAS', 'expected_roi': 0.022}",False,[],['SITE_SET_MOMENTS'],,1480,"{'override_canvas_head_option': 'OPTION_CREATIVE_OVERRIDE_CANVAS', 'page_id': ''}",{'page_id': ''},DOWNLOAD_GAME,LINK_PAGE_TYPE_DEFAULT,1573087927,,PROMOTED_OBJECT_TYPE_APP_IOS,False,"{'short_video_struct': {'short_video1': 110567}, 'title': '闯关+逃生，没WiFi也能玩一天，试试你能过几关？'}",1001446,2,13678,CESHI_GDT_MR_IOS,曙光信仰,disable,"{'device_price': ['PRICE_4500_MORE', 'PRICE_3500_4500', 'PRICE_2500_3500'], 'app_install_status': None, 'gender': ['MALE'], 'game_consumption_level': None, 'age': [{'min': 23, 'max': 55}], 'network_type': None, 'excluded_converted_audience': {'conversion_behavior_list': None, 'excluded_dimension': None}, 'geo_location': {'regions': None, 'location_types': None}, 'intention': {'targeting_tags': [205]}, 'interest': {'category_id_list': [38, 162], 'keyword_list': None}, 'behavior': [{'category_id_list': [38, 162], 'intensity': ['BEHAVIOR_INTEREST_INTENSITY_ALL'], 'keyword_list': ['丧尸', '打丧尸', '丧尸手游', '抵御丧尸', '百万丧尸', '丧尸大军'], 'scene': ['BEHAVIOR_INTEREST_SCENE_ALL'], 'time_window': 'BEHAVIOR_INTEREST_TIME_WINDOW_THIRTY_DAY'}]}",0,0
37926,9227,111111111111111111111111111111111111111111111111111111111111111111111111111111111111111111111111111111111100000000001111111111111111111111111111111111111100000000001111111111111111111111111111111111111111111111111111111111111111111111111111111111111111111111111111111111111111111111111111111111111111111111111111111111111111111111111111,OPTIMIZATIONGOAL_APP_ACTIVATE,BID_STRATEGY_AVERAGE_COST,15800,DEEP_CONVERSION_WORTH,,"{'goal': 'GOAL_1DAY_PURCHASE_ROAS', 'expected_roi': 0.01}",False,[],['SITE_SET_MOMENTS'],,721,"{'override_canvas_head_option': 'OPTION_CREATIVE_OVERRIDE_CANVAS', 'page_id': ''}",{'page_id': ''},DOWNLOAD_APP,LINK_PAGE_TYPE_DEFAULT,1573087927,,PROMOTED_OBJECT_TYPE_APP_IOS,False,"{'video': 110571, 'title': '朋友被我带入坑，玩得比我还猛！'}",1001446,2,13678,CESHI_GDT_MR_IOS,曙光信仰,disable,"{'device_price': ['PRICE_4500_MORE', 'PRICE_3500_4500', 'PRICE_2500_3500'], 'app_install_status': ['NOT_INSTALLED'], 'gender': None, 'game_consumption_level': None, 'age': [{'min': 24, 'max': 66}], 'network_type': None, 'excluded_converted_audience': {'conversion_behavior_list': ['OPTIMIZATIONGOAL_APP_ACTIVATE'], 'excluded_dimension': 'EXCLUDED_DIMENSION_APP'}, 'geo_location': {'regions': None, 'location_types': None}, 'intention': {'targeting_tags': [205]}, 'interest': {'category_id_list': [301, 205, 16], 'keyword_list': None}, 'behavior': [{'category_id_list': [51, 85, 102, 809, 524, 812, 813, 817, 818, 827, 301, 38, 631, 632, 164], 'intensity': ['BEHAVIOR_INTEREST_INTENSITY_ALL'], 'keyword_list': ['豪华跑车', '迈巴赫', '保时捷', '跑车', '法拉利', '豪车', '特斯拉', '豪华汽车', '奔驰', '奥迪', '宝马', '沃尔沃', '凯迪拉克', '雷克萨斯', '宝马汽车', '奥迪q5', '奥迪a6l', '别墅', '度假', '碧桂园', '富豪', '温泉', '大型飞机', '飞行', '无人飞机', '驾驶飞机', '乘坐飞机', '远洋捕捞', '运输船', '港口', '车辆出口'], 'scene': ['BEHAVIOR_INTEREST_SCENE_ALL'], 'time_window': 'BEHAVIOR_INTEREST_TIME_WINDOW_SEVEN_DAY'}]}",0,0
37774,9227,111111111111111111111111111111111111111111111111111111111111111111111111111111111111111111111111111111111100000000001111111111111111111111111111111111111100000000001111111111111111111111111111111111111111111111111111111111111111111111111111111111111111111111111111111111111111111111111111111111111111111111111111111111111111111111111111,OPTIMIZATIONGOAL_APP_ACTIVATE,BID_STRATEGY_AVERAGE_COST,11005,DEEP_CONVERSION_WORTH,,"{'goal': 'GOAL_1DAY_PURCHASE_ROAS', 'expected_roi': 0.02}",False,[],['SITE_SET_MOMENTS'],,1480,"{'override_canvas_head_option': 'OPTION_CREATIVE_OVERRIDE_CANVAS', 'page_id': ''}",{'page_id': ''},DOWNLOAD_APP,LINK_PAGE_TYPE_DEFAULT,1573087927,,PROMOTED_OBJECT_TYPE_APP_IOS,False,"{'short_video_struct': {'short_video1': 109388}, 'title': '闯关+逃生，没WiFi也能玩一天，试试你能过几关？'}",1001446,2,13678,CESHI_GDT_MR_IOS,曙光信仰,disable,"{'device_price': None, 'app_install_status': ['NOT_INSTALLED'], 'gender': ['MALE'], 'game_consumption_level': ['HIGH', 'NORMAL'], 'age': [{'min': 26, 'max': 66}], 'network_type': None, 'excluded_converted_audience': {'conversion_behavior_list': ['OPTIMIZATIONGOAL_APP_ACTIVATE'], 'excluded_dimension': 'EXCLUDED_DIMENSION_APP'}, 'geo_location': {'regions': None, 'location_types': None}, 'intention': {'targeting_tags': [205]}, 'interest': {'category_id_list': [205], 'keyword_list': None}, 'behavior': [{'category_id_list': [38, 631, 632], 'intensity': ['BEHAVIOR_INTEREST_INTENSITY_ALL'], 'keyword_list': None, 'scene': ['BEHAVIOR_INTEREST_SCENE_ALL'], 'time_window': 'BEHAVIOR_INTEREST_TIME_WINDOW_SEVEN_DAY'}]}",0,0
33114,9227,111111111111111111111111111111111111111111111111111111111111111111111111111111111111111111111111111111111100000000001111111111111111111111111111111111111100000000001111111111111111111111111111111111111111111111111111111111111111111111111111111111111111111111111111111111111111111111111111111111111111111111111111111111111111111111111111,OPTIMIZATIONGOAL_APP_ACTIVATE,BID_STRATEGY_AVERAGE_COST,139000,DEEP_CONVERSION_WORTH,,"{'goal': 'GOAL_1DAY_PURCHASE_ROAS', 'expected_roi': 0.018}",False,[],['SITE_SET_MOMENTS'],,1480,"{'override_canvas_head_option': 'OPTION_CREATIVE_OVERRIDE_CANVAS', 'page_id': ''}",{'page_id': ''},DOWNLOAD_GAME,LINK_PAGE_TYPE_DEFAULT,1573087927,,PROMOTED_OBJECT_TYPE_APP_IOS,False,"{'short_video_struct': {'short_video1': 100228}, 'title': '闯关+逃生，没WiFi也能玩一天，试试你能过几关？'}",1001446,2,13678,CESHI_GDT_MR_IOS,曙光信仰,disable,"{'device_price': None, 'app_install_status': ['NOT_INSTALLED'], 'gender': None, 'game_consumption_level': None, 'age': [{'min': 23, 'max': 52}], 'network_type': None, 'excluded_converted_audience': {'conversion_behavior_list': ['OPTIMIZATIONGOAL_APP_DOWNLOAD'], 'excluded_dimension': 'EXCLUDED_DIMENSION_APP'}, 'geo_location': {'regions': None, 'location_types': None}, 'intention': {'targeting_tags': [205]}, 'interest': {'category_id_list': [157, 205], 'keyword_list': None}, 'behavior': [{'category_id_list': [157, 301, 205], 'intensity': ['BEHAVIOR_INTEREST_INTENSITY_ALL'], 'keyword_list': None, 'scene': ['BEHAVIOR_INTEREST_SCENE_ALL'], 'time_window': 'BEHAVIOR_INTEREST_TIME_WINDOW_SEVEN_DAY'}]}",0,0
33114,9227,111111111111111111111111111111111111111111111111111111111111111111111111111111111111111111111111111111111100000000001111111111111111111111111111111111111100000000001111111111111111111111111111111111111111111111111111111111111111111111111111111111111111111111111111111111111111111111111111111111111111111111111111111111111111111111111111,OPTIMIZATIONGOAL_APP_ACTIVATE,BID_STRATEGY_AVERAGE_COST,10736,DEEP_CONVERSION_WORTH,,"{'goal': 'GOAL_1DAY_PURCHASE_ROAS', 'expected_roi': 0.02}",True,['age'],['SITE_SET_MOMENTS'],,1480,"{'override_canvas_head_option': 'OPTION_CREATIVE_OVERRIDE_CANVAS', 'page_id': ''}",{'page_id': ''},DOWNLOAD_APP,LINK_PAGE_TYPE_DEFAULT,1573087927,,PROMOTED_OBJECT_TYPE_APP_IOS,False,"{'short_video_struct': {'short_video1': 100228}, 'title': '休闲又解压，玩一天都不腻'}",1001446,2,13678,CESHI_GDT_MR_IOS,曙光信仰,disable,"{'device_price': ['PRICE_4500_MORE', 'PRICE_3500_4500', 'PRICE_2500_3500'], 'app_install_status': ['NOT_INSTALLED'], 'gender': ['MALE'], 'game_consumption_level': None, 'age': [{'min': 24, 'max': 66}], 'network_type': None, 'excluded_converted_audience': {'conversion_behavior_list': ['OPTIMIZATIONGOAL_APP_DOWNLOAD'], 'excluded_dimension': 'EXCLUDED_DIMENSION_APP'}, 'geo_location': {'regions': None, 'location_types': None}, 'intention': {'targeting_tags': None}, 'interest': {'category_id_list': None, 'keyword_list': None}, 'behavior': [{'category_id_list': None, 'intensity': None, 'keyword_list': None, 'scene': None, 'time_window': None}]}",0,0
33114,9218,111111111111111111111111111111111111111111111111111111111111111111111111111111111111111111111111111111111100000000001111111111111111111111111111111111111100000000001111111111111111111111111111111111111111111111111111111111111111111111111111111111111111111111111111111111111111111111111111111111111111111111111111111111111111111111111111,OPTIMIZATIONGOAL_APP_ACTIVATE,BID_STRATEGY_AVERAGE_COST,10749,DEEP_CONVERSION_WORTH,,"{'goal': 'GOAL_1DAY_PURCHASE_ROAS', 'expected_roi': 0.02}",False,[],['SITE_SET_MOMENTS'],,1480,"{'override_canvas_head_option': 'OPTION_CREATIVE_OVERRIDE_CANVAS', 'page_id': ''}",{'page_id': ''},,,1573087927,,PROMOTED_OBJECT_TYPE_APP_IOS,False,"{'short_video_struct': {'short_video1': 100228}, 'title': '只用一根手指，没有wifi也能玩一天！'}",1001446,2,13678,CESHI_GDT_MR_IOS,曙光信仰,disable,"{'device_price': None, 'app_install_status': None, 'gender': ['MALE'], 'game_consumption_level': None, 'age': [{'min': 14, 'max': 66}], 'network_type': None, 'excluded_converted_audience': {'conversion_behavior_list': None, 'excluded_dimension': None}, 'geo_location': {'regions': None, 'location_types': None}, 'intention': {'targeting_tags': None}, 'interest': {'category_id_list': None, 'keyword_list': None}, 'behavior': [{'category_id_list': None, 'intensity': None, 'keyword_list': None, 'scene': None, 'time_window': None}]}",0,0
33114,9220,111111111111111111111111111111111111111111111111111111111111111111111111111111111111111111111111111111111100000000001111111111111111111111111111111111111100000000001111111111111111111111111111111111111111111111111111111111111111111111111111111111111111111111111111111111111111111111111111111111111111111111111111111111111111111111111111,OPTIMIZATIONGOAL_APP_ACTIVATE,BID_STRATEGY_AVERAGE_COST,12544,DEEP_CONVERSION_WORTH,,"{'goal': 'GOAL_1DAY_PURCHASE_ROAS', 'expected_roi': 0.023}",False,[],['SITE_SET_MOMENTS'],,1480,"{'override_canvas_head_option': 'OPTION_CREATIVE_OVERRIDE_CANVAS', 'page_id': ''}",{'page_id': ''},DOWNLOAD_APP,LINK_PAGE_TYPE_DEFAULT,1573087927,,PROMOTED_OBJECT_TYPE_APP_IOS,False,"{'short_video_struct': {'short_video1': 100228}, 'title': '闯关+逃生，没WiFi也能玩一天，试试你能过几关？'}",1001446,2,13678,CESHI_GDT_MR_IOS,曙光信仰,disable,"{'device_price': None, 'app_install_status': ['NOT_INSTALLED'], 'gender': ['MALE'], 'game_consumption_level': None, 'age': [{'min': 24, 'max': 66}], 'network_type': None, 'excluded_converted_audience': {'conversion_behavior_list': ['OPTIMIZATIONGOAL_APP_ACTIVATE'], 'excluded_dimension': 'EXCLUDED_DIMENSION_APP'}, 'geo_location': {'regions': None, 'location_types': None}, 'intention': {'targeting_tags': None}, 'interest': {'category_id_list': None, 'keyword_list': None}, 'behavior': [{'category_id_list': None, 'intensity': None, 'keyword_list': None, 'scene': None, 'time_window': None}]}",0,0
39417,9221,111111111111111111111111111111111111111111111111111111111111111111111111111111111111111111111111111111111100000000001111111111111111111111111111111111111100000000001111111111111111111111111111111111111111111111111111111111111111111111111111111111111111111111111111111111111111111111111111111111111111111111111111111111111111111111111111,OPTIMIZATIONGOAL_APP_ACTIVATE,BID_STRATEGY_TARGET_COST,18539,DEEP_CONVERSION_WORTH,,"{'goal': 'GOAL_1DAY_PURCHASE_ROAS', 'expected_roi': 0.024}",True,['age'],['SITE_SET_MOMENTS'],,721,"{'override_canvas_head_option': 'OPTION_CREATIVE_OVERRIDE_CANVAS', 'page_id': ''}",{'page_id': ''},DOWNLOAD_APP,LINK_PAGE_TYPE_DEFAULT,1573087927,,PROMOTED_OBJECT_TYPE_APP_IOS,False,"{'video': 117290, 'title': '朋友被我带入坑，玩得比我还猛！'}",1001446,2,13678,CESHI_GDT_MR_IOS,曙光信仰,disable,"{'device_price': None, 'app_install_status': ['NOT_INSTALLED'], 'gender': None, 'game_consumption_level': None, 'age': [{'min': 22, 'max': 52}], 'network_type': None, 'excluded_converted_audience': {'conversion_behavior_list': ['OPTIMIZATIONGOAL_APP_DOWNLOAD'], 'excluded_dimension': 'EXCLUDED_DIMENSION_APP'}, 'geo_location': {'regions': None, 'location_types': None}, 'intention': {'targeting_tags': [205]}, 'interest': {'category_id_list': [157, 205], 'keyword_list': None}, 'behavior': [{'category_id_list': [157, 205], 'intensity': ['BEHAVIOR_INTEREST_INTENSITY_ALL'], 'keyword_list': None, 'scene': ['BEHAVIOR_INTEREST_SCENE_ALL'], 'time_window': 'BEHAVIOR_INTEREST_TIME_WINDOW_SEVEN_DAY'}]}",0,0
39138,9227,111111111111111111111111111111111111111111111111111111111111111111111111111111111111111111111111111111111100000000001111111111111111111111111111111111111100000000001111111111111111111111111111111111111111111111111111111111111111111111111111111111111111111111111111111111111111111111111111111111111111111111111111111111111111111111111111,OPTIMIZATIONGOAL_FIRST_PURCHASE,BID_STRATEGY_AVERAGE_COST,412128,,,,False,[],"['SITE_SET_QQ_MUSIC_GAME', 'SITE_SET_KANDIAN', 'SITE_SET_TENCENT_NEWS', 'SITE_SET_TENCENT_VIDEO', 'SITE_SET_MOBILE_UNION']",,720,,,,,1573087927,,PROMOTED_OBJECT_TYPE_APP_IOS,False,"{'image': 116112, 'description': '全新无限关卡小游戏，能过50关是人才，你能闯几关？', 'video': 116112, 'button_text': '立即下载', 'title': '绝地末日', 'brand': {'brand_name': '绝地末日', 'brand_img': 101812}}",1001446,2,13678,CESHI_GDT_MR_IOS,曙光信仰,disable,"{'device_price': None, 'app_install_status': ['NOT_INSTALLED'], 'gender': None, 'game_consumption_level': None, 'age': [{'min': 23, 'max': 52}], 'network_type': None, 'excluded_converted_audience': {'conversion_behavior_list': ['OPTIMIZATIONGOAL_APP_DOWNLOAD'], 'excluded_dimension': 'EXCLUDED_DIMENSION_APP'}, 'geo_location': {'regions': None, 'location_types': None}, 'intention': {'targeting_tags': [205]}, 'interest': {'category_id_list': [157, 205], 'keyword_list': None}, 'behavior': [{'category_id_list': [157, 301, 205], 'intensity': ['BEHAVIOR_INTEREST_INTENSITY_ALL'], 'keyword_list': None, 'scene': ['BEHAVIOR_INTEREST_SCENE_ALL'], 'time_window': 'BEHAVIOR_INTEREST_TIME_WINDOW_SEVEN_DAY'}]}",0,0
39138,9219,111111111111111111111111111111111111111111111111111111111111111111111111111111111111111111111111111111111100000000001111111111111111111111111111111111111100000000001111111111111111111111111111111111111111111111111111111111111111111111111111111111111111111111111111111111111111111111111111111111111111111111111111111111111111111111111111,OPTIMIZATIONGOAL_APP_ACTIVATE,BID_STRATEGY_AVERAGE_COST,17285,DEEP_CONVERSION_WORTH,,"{'goal': 'GOAL_1DAY_PURCHASE_ROAS', 'expected_roi': 0.016}",False,[],"['SITE_SET_QQ_MUSIC_GAME', 'SITE_SET_KANDIAN', 'SITE_SET_TENCENT_NEWS', 'SITE_SET_TENCENT_VIDEO', 'SITE_SET_MOBILE_UNION']",,720,,,,,1573087927,,PROMOTED_OBJECT_TYPE_APP_IOS,False,"{'image': 116112, 'description': '智商149卡在了39关，这款游戏太烧脑，你能过几关？', 'video': 116112, 'button_text': '立即领取', 'title': '休闲又解压，玩了一天都不腻！', 'brand': {'brand_name': 'n1计划', 'brand_img': 78613}}",1001446,2,13678,CESHI_GDT_MR_IOS,曙光信仰,disable,"{'device_price': None, 'app_install_status': ['NOT_INSTALLED'], 'gender': ['MALE'], 'game_consumption_level': None, 'age': [{'min': 24, 'max': 66}], 'network_type': None, 'excluded_converted_audience': {'conversion_behavior_list': ['OPTIMIZATIONGOAL_APP_DOWNLOAD'], 'excluded_dimension': 'EXCLUDED_DIMENSION_APP'}, 'geo_location': {'regions': None, 'location_types': None}, 'intention': {'targeting_tags': None}, 'interest': {'category_id_list': None, 'keyword_list': None}, 'behavior': [{'category_id_list': None, 'intensity': None, 'keyword_list': None, 'scene': None, 'time_window': None}]}",0,0
39138,9219,111111111111111111111111111111111111111111111111111111111111111111111111111111111111111111111111111111111100000000001111111111111111111111111111111111111100000000001111111111111111111111111111111111111111111111111111111111111111111111111111111111111111111111111111111111111111111111111111111111111111111111111111111111111111111111111111,OPTIMIZATIONGOAL_APP_ACTIVATE,BID_STRATEGY_AVERAGE_COST,10375,DEEP_CONVERSION_WORTH,,"{'goal': 'GOAL_1DAY_PURCHASE_ROAS', 'expected_roi': 0.023}",False,[],"['SITE_SET_QQ_MUSIC_GAME', 'SITE_SET_KANDIAN', 'SITE_SET_TENCENT_NEWS', 'SITE_SET_TENCENT_VIDEO', 'SITE_SET_MOBILE_UNION']",,720,,,,,1573087927,,PROMOTED_OBJECT_TYPE_APP_IOS,False,"{'image': 116112, 'description': '无限关卡游戏，惊险又刺激！', 'video': 116112, 'button_text': '立即下载', 'title': 'N1计划', 'brand': {'brand_name': 'N1计划', 'brand_img': 77752}}",1001446,2,13678,CESHI_GDT_MR_IOS,曙光信仰,disable,"{'device_price': ['PRICE_4500_MORE', 'PRICE_3500_4500', 'PRICE_2500_3500'], 'app_install_status': ['NOT_INSTALLED'], 'gender': ['MALE'], 'game_consumption_level': ['HIGH', 'NORMAL'], 'age': [{'min': 25, 'max': 66}], 'network_type': None, 'excluded_converted_audience': {'conversion_behavior_list': ['OPTIMIZATIONGOAL_APP_DOWNLOAD'], 'excluded_dimension': 'EXCLUDED_DIMENSION_APP'}, 'geo_location': {'regions': None, 'location_types': None}, 'intention': {'targeting_tags': [205]}, 'interest': {'category_id_list': [205], 'keyword_list': None}, 'behavior': [{'category_id_list': [38, 631, 632], 'intensity': ['BEHAVIOR_INTEREST_INTENSITY_ALL'], 'keyword_list': ['游戏', '休闲益智', '战略战争游戏', '手游游戏', 'moba游戏', '手游', 'ios手游', '最新手游', '腾讯手游', '卡牌', '卡牌手游', '角色扮演手游', '角色扮演类游戏', '卡牌养成', '手游推荐', '手机游戏', '放置手游', '放置', '人气游戏', '末日手游', '末日'], 'scene': ['BEHAVIOR_INTEREST_SCENE_ALL'], 'time_window': 'BEHAVIOR_INTEREST_TIME_WINDOW_SEVEN_DAY'}]}",0,0
39138,9224,111111111111111111111111111111111111111111111111111111111111111111111111111111111111111111111111111111111100000000001111111111111111111111111111111111111100000000001111111111111111111111111111000000000000011111111111111111111111111111111111111111111111111111111111111111111111111111111111111111111111111111111111111111111111111111111111,OPTIMIZATIONGOAL_APP_ACTIVATE,BID_STRATEGY_TARGET_COST,21761,DEEP_CONVERSION_WORTH,,"{'goal': 'GOAL_1DAY_PURCHASE_ROAS', 'expected_roi': 0.01}",False,[],"['SITE_SET_QQ_MUSIC_GAME', 'SITE_SET_KANDIAN', 'SITE_SET_TENCENT_NEWS', 'SITE_SET_TENCENT_VIDEO', 'SITE_SET_MOBILE_UNION']",,720,,,,,1573087927,,PROMOTED_OBJECT_TYPE_APP_IOS,False,"{'image': 116112, 'description': '超魔性策略小游戏，试试你能闯几关', 'video': 116112, 'button_text': '立即下载', 'title': '无限游戏，休闲好玩又刺激', 'brand': {'brand_name': '幸存挑战', 'brand_img': 112395}}",1001446,2,13678,CESHI_GDT_MR_IOS,曙光信仰,disable,"{'device_price': ['PRICE_2500_3500', 'PRICE_3500_4500', 'PRICE_4500_MORE'], 'app_install_status': ['NOT_INSTALLED'], 'gender': ['MALE'], 'game_consumption_level': None, 'age': [{'min': 23, 'max': 66}], 'network_type': None, 'excluded_converted_audience': {'conversion_behavior_list': ['OPTIMIZATIONGOAL_APP_ACTIVATE'], 'excluded_dimension': 'EXCLUDED_DIMENSION_APP'}, 'geo_location': {'regions': None, 'location_types': None}, 'intention': {'targeting_tags': [205]}, 'interest': {'category_id_list': [205], 'keyword_list': None}, 'behavior': [{'category_id_list': [51, 85, 102, 203, 38, 631, 632], 'intensity': ['BEHAVIOR_INTEREST_INTENSITY_ALL'], 'keyword_list': ['保时捷', '凯迪拉克', '奔驰', '奥迪', '宝马', '本田', '沃尔沃', '法拉利', '豪车', '跑车', '迈巴赫'], 'scene': ['BEHAVIOR_INTEREST_SCENE_ALL'], 'time_window': 'BEHAVIOR_INTEREST_TIME_WINDOW_SEVEN_DAY'}]}",0,0
39138,9219,111111111111111111111111111111111111111111111111111111111111111111111111111111111111111111111111111111111100000000001111111111111111111111111111111111111100000000001111111111111111111111111111111111111111111111111111111111111111111111111111111111111111111111111111111111111111111111111111111111111111111111111111111111111111111111111111,OPTIMIZATIONGOAL_APP_ACTIVATE,BID_STRATEGY_AVERAGE_COST,11763,DEEP_CONVERSION_WORTH,,"{'goal': 'GOAL_1DAY_PURCHASE_ROAS', 'expected_roi': 0.015}",True,['gender'],"['SITE_SET_QQ_MUSIC_GAME', 'SITE_SET_KANDIAN', 'SITE_SET_TENCENT_NEWS', 'SITE_SET_TENCENT_VIDEO', 'SITE_SET_MOBILE_UNION']",,720,,,,,1573087927,,PROMOTED_OBJECT_TYPE_APP_IOS,False,"{'image': 116112, 'description': '智商149卡在了39关，这款游戏太烧脑，你能过几关？', 'video': 116112, 'button_text': '立即下载', 'title': '超好玩的闯关游戏，减压又过瘾', 'brand': {'brand_name': 'n1计划', 'brand_img': 78613}}",1001446,2,13678,CESHI_GDT_MR_IOS,曙光信仰,disable,"{'device_price': ['PRICE_4500_MORE', 'PRICE_3500_4500', 'PRICE_2500_3500'], 'app_install_status': ['NOT_INSTALLED'], 'gender': ['MALE'], 'game_consumption_level': None, 'age': [{'min': 24, 'max': 66}], 'network_type': ['WIFI', 'NET_4G'], 'excluded_converted_audience': {'conversion_behavior_list': ['OPTIMIZATIONGOAL_APP_ACTIVATE'], 'excluded_dimension': 'EXCLUDED_DIMENSION_APP'}, 'geo_location': {'regions': None, 'location_types': None}, 'intention': {'targeting_tags': [205]}, 'interest': {'category_id_list': [205], 'keyword_list': None}, 'behavior': [{'category_id_list': [205], 'intensity': ['BEHAVIOR_INTEREST_INTENSITY_ALL'], 'keyword_list': None, 'scene': ['BEHAVIOR_INTEREST_SCENE_ALL'], 'time_window': 'BEHAVIOR_INTEREST_TIME_WINDOW_SEVEN_DAY'}]}",0,0
38835,9221,111111111111111111111111111111111111111111111111111111111111111111111111111111111111111111111111111111111100000000001111111111111111111111111111111111111100000000001111111111111111111111111111111111111111111111111111111111111111111111111111111111111111111111111111111111111111111111111111111111111111111111111111111111111111111111111111,OPTIMIZATIONGOAL_APP_ACTIVATE,BID_STRATEGY_AVERAGE_COST,14581,DEEP_CONVERSION_WORTH,,"{'goal': 'GOAL_1DAY_PURCHASE_ROAS', 'expected_roi': 0.02}",False,[],"['SITE_SET_QQ_MUSIC_GAME', 'SITE_SET_KANDIAN', 'SITE_SET_TENCENT_NEWS', 'SITE_SET_TENCENT_VIDEO', 'SITE_SET_MOBILE_UNION']",,720,,,,,1573087927,,PROMOTED_OBJECT_TYPE_APP_IOS,False,"{'image': 114736, 'description': '智商149卡在了39关，这款游戏太烧脑，你能过几关？', 'video': 114736, 'button_text': '立即下载', 'title': '没WiFi玩一天，试试你能过几关', 'brand': {'brand_name': 'n1计划', 'brand_img': 78613}}",1001446,2,13678,CESHI_GDT_MR_IOS,曙光信仰,disable,"{'device_price': None, 'app_install_status': None, 'gender': ['MALE'], 'game_consumption_level': None, 'age': [{'min': 24, 'max': 48}], 'network_type': None, 'excluded_converted_audience': {'conversion_behavior_list': None, 'excluded_dimension': None}, 'geo_location': {'regions': None, 'location_types': None}, 'intention': {'targeting_tags': None}, 'interest': {'category_id_list': None, 'keyword_list': None}, 'behavior': [{'category_id_list': None, 'intensity': None, 'keyword_list': None, 'scene': None, 'time_window': None}]}",0,0
38683,9225,111111111111111111111111111111111111111111111111111111111111111111111111111111111111111111111111111111111100000000001111111111111111111111111111111111111100000000001111111111111111111111111111111111111111111111111111111111111111111111111111111111111111111111111111111111111111111111111111111111111111111111111111111111111111111111111111,OPTIMIZATIONGOAL_APP_ACTIVATE,BID_STRATEGY_AVERAGE_COST,11802,DEEP_CONVERSION_WORTH,,"{'goal': 'GOAL_1DAY_PURCHASE_ROAS', 'expected_roi': 0.015}",False,[],"['SITE_SET_QQ_MUSIC_GAME', 'SITE_SET_KANDIAN', 'SITE_SET_TENCENT_NEWS', 'SITE_SET_TENCENT_VIDEO', 'SITE_SET_MOBILE_UNION']",,720,,,,,1573087927,,PROMOTED_OBJECT_TYPE_APP_IOS,False,"{'image': 114221, 'description': '智商149卡在了39关，这款游戏太烧脑，你能过几关？', 'video': 114221, 'button_text': '立即下载', 'title': '超好玩的闯关游戏，减压又过瘾', 'brand': {'brand_name': 'N1计划', 'brand_img': 77752}}",1001446,2,13678,CESHI_GDT_MR_IOS,曙光信仰,disable,"{'device_price': None, 'app_install_status': ['NOT_INSTALLED'], 'gender': None, 'game_consumption_level': None, 'age': [{'min': 23, 'max': 52}], 'network_type': None, 'excluded_converted_audience': {'conversion_behavior_list': ['OPTIMIZATIONGOAL_APP_DOWNLOAD'], 'excluded_dimension': 'EXCLUDED_DIMENSION_APP'}, 'geo_location': {'regions': None, 'location_types': None}, 'intention': {'targeting_tags': [205]}, 'interest': {'category_id_list': [157, 205], 'keyword_list': None}, 'behavior': [{'category_id_list': [157, 205], 'intensity': ['BEHAVIOR_INTEREST_INTENSITY_ALL'], 'keyword_list': None, 'scene': ['BEHAVIOR_INTEREST_SCENE_ALL'], 'time_window': 'BEHAVIOR_INTEREST_TIME_WINDOW_SEVEN_DAY'}]}",0,0
38683,9225,111111111111111111111111111111111111111111111111111111111111111111111111111111111111111111111111111111111100000000001111111111111111111111111111111111111100000000001111111111111111111111111111111111111111111111111111111111111111111111111111111111111111111111111111111111111111111111111111111111111111111111111111111111111111111111111111,OPTIMIZATIONGOAL_FIRST_PURCHASE,BID_STRATEGY_AVERAGE_COST,422652,,,,False,[],"['SITE_SET_QQ_MUSIC_GAME', 'SITE_SET_KANDIAN', 'SITE_SET_TENCENT_NEWS', 'SITE_SET_TENCENT_VIDEO', 'SITE_SET_MOBILE_UNION']",,720,,,,,1573087927,,PROMOTED_OBJECT_TYPE_APP_IOS,False,"{'image': 114221, 'description': '末日主题生存游戏，没有wifi也能玩！', 'video': 114221, 'button_text': '下载游戏', 'title': '休闲好玩又刺激', 'brand': {'brand_name': 'N1计划', 'brand_img': 77752}}",1001446,2,13678,CESHI_GDT_MR_IOS,曙光信仰,disable,"{'device_price': None, 'app_install_status': ['NOT_INSTALLED'], 'gender': ['MALE'], 'game_consumption_level': None, 'age': [{'min': 24, 'max': 66}], 'network_type': None, 'excluded_converted_audience': {'conversion_behavior_list': ['OPTIMIZATIONGOAL_APP_ACTIVATE'], 'excluded_dimension': 'EXCLUDED_DIMENSION_APP'}, 'geo_location': {'regions': None, 'location_types': None}, 'intention': {'targeting_tags': [205]}, 'interest': {'category_id_list': [301, 205], 'keyword_list': None}, 'behavior': [{'category_id_list': [51, 85, 102, 203, 38, 631, 632], 'intensity': ['BEHAVIOR_INTEREST_INTENSITY_ALL'], 'keyword_list': ['保时捷', '凯迪拉克', '奔驰', '奥迪', '宝马', '本田', '沃尔沃', '法拉利', '豪车', '跑车', '迈巴赫'], 'scene': ['BEHAVIOR_INTEREST_SCENE_ALL'], 'time_window': 'BEHAVIOR_INTEREST_TIME_WINDOW_SEVEN_DAY'}]}",0,0
38683,9225,111111111111111111111111111111111111111111111111111111111111111111111111111111111111111111111111111111111100000000001111111111111111111111111111111111111100000000001111111111111111111111111111111111111111111111111111111111111111111111111111111111111111111111111111111111111111111111111111111111111111111111111111111111111111111111111111,OPTIMIZATIONGOAL_APP_ACTIVATE,BID_STRATEGY_AVERAGE_COST,10545,DEEP_CONVERSION_WORTH,,"{'goal': 'GOAL_1DAY_PURCHASE_ROAS', 'expected_roi': 0.02}",True,['age'],"['SITE_SET_QQ_MUSIC_GAME', 'SITE_SET_KANDIAN', 'SITE_SET_TENCENT_NEWS', 'SITE_SET_TENCENT_VIDEO', 'SITE_SET_MOBILE_UNION']",,721,,,,,1573087927,,PROMOTED_OBJECT_TYPE_APP_IOS,False,"{'image': 114222, 'description': '智商149卡在了39关，这款游戏太烧脑，你能过几关？', 'video': 114222, 'button_text': '立即下载', 'title': '解谜逃生，你能过几关？', 'brand': {'brand_name': 'N1计划', 'brand_img': 112395}}",1001446,2,13678,CESHI_GDT_MR_IOS,曙光信仰,disable,"{'device_price': None, 'app_install_status': ['NOT_INSTALLED'], 'gender': ['MALE'], 'game_consumption_level': ['HIGH', 'NORMAL'], 'age': [{'min': 20, 'max': 48}], 'network_type': None, 'excluded_converted_audience': {'conversion_behavior_list': None, 'excluded_dimension': None}, 'geo_location': {'regions': None, 'location_types': None}, 'intention': {'targeting_tags': None}, 'interest': {'category_id_list': None, 'keyword_list': None}, 'behavior': [{'category_id_list': None, 'intensity': None, 'keyword_list': None, 'scene': None, 'time_window': None}]}",0,0
38489,9218,111111111111111111111111111111111111111111111111111111111111111111111111111111111111111111111111111111111100000000001111111111111111111111111111111111111100000000001111111111111111111111111111111111111111111111111111111111111111111111111111111111111111111111111111111111111111111111111111111111111111111111111111111111111111111111111111,OPTIMIZATIONGOAL_APP_ACTIVATE,BID_STRATEGY_AVERAGE_COST,16777,DEEP_CONVERSION_WORTH,,"{'goal': 'GOAL_1DAY_PURCHASE_ROAS', 'expected_roi': 0.02}",True,['age'],"['SITE_SET_QQ_MUSIC_GAME', 'SITE_SET_KANDIAN', 'SITE_SET_TENCENT_NEWS', 'SITE_SET_TENCENT_VIDEO', 'SITE_SET_MOBILE_UNION']",,720,,,,,1573087927,,PROMOTED_OBJECT_TYPE_APP_IOS,False,"{'image': 113194, 'description': '智商149卡在了39关，这款游戏太烧脑，你能过几关？', 'video': 113194, 'button_text': '下载游戏', 'title': '魔性烧脑小游戏，没wifi也能玩', 'brand': {'brand_name': 'n1计划', 'brand_img': 78613}}",1001446,2,13678,CESHI_GDT_MR_IOS,曙光信仰,disable,"{'device_price': ['PRICE_2500_3500', 'PRICE_3500_4500', 'PRICE_4500_MORE'], 'app_install_status': ['NOT_INSTALLED'], 'gender': ['MALE'], 'game_consumption_level': None, 'age': [{'min': 23, 'max': 66}], 'network_type': None, 'excluded_converted_audience': {'conversion_behavior_list': ['OPTIMIZATIONGOAL_APP_ACTIVATE'], 'excluded_dimension': 'EXCLUDED_DIMENSION_APP'}, 'geo_location': {'regions': None, 'location_types': None}, 'intention': {'targeting_tags': [205]}, 'interest': {'category_id_list': [301, 205], 'keyword_list': None}, 'behavior': [{'category_id_list': [51, 85, 102, 203, 38, 631, 632], 'intensity': ['BEHAVIOR_INTEREST_INTENSITY_ALL'], 'keyword_list': ['保时捷', '凯迪拉克', '奔驰', '奥迪', '宝马', '本田', '沃尔沃', '法拉利', '豪车', '跑车', '迈巴赫'], 'scene': ['BEHAVIOR_INTEREST_SCENE_ALL'], 'time_window': 'BEHAVIOR_INTEREST_TIME_WINDOW_SEVEN_DAY'}]}",0,0
38489,9224,111111111111111111111111111111111111111111111111111111111111111111111111111111111111111111111111111111111100000000001111111111111111111111111111111111111100000000001111111111111111111111111111111111111111111111111111111111111111111111111111111111111111111111111111111111111111111111111111111111111111111111111111111111111111111111111111,OPTIMIZATIONGOAL_APP_ACTIVATE,BID_STRATEGY_AVERAGE_COST,14000,DEEP_CONVERSION_WORTH,,"{'goal': 'GOAL_1DAY_PURCHASE_ROAS', 'expected_roi': 0.022}",False,[],"['SITE_SET_QQ_MUSIC_GAME', 'SITE_SET_KANDIAN', 'SITE_SET_TENCENT_NEWS', 'SITE_SET_TENCENT_VIDEO', 'SITE_SET_MOBILE_UNION']",,720,,,,,1573087927,,PROMOTED_OBJECT_TYPE_APP_IOS,False,"{'image': 113194, 'description': '超魔性策略小游戏，试试你能闯几关', 'video': 113194, 'button_text': '立即下载', 'title': '无限游戏，休闲好玩又刺激', 'brand': {'brand_name': 'N1计划', 'brand_img': 78613}}",1001446,2,13678,CESHI_GDT_MR_IOS,曙光信仰,disable,"{'device_price': ['PRICE_2500_3500', 'PRICE_3500_4500', 'PRICE_4500_MORE'], 'app_install_status': ['NOT_INSTALLED'], 'gender': ['MALE'], 'game_consumption_level': None, 'age': [{'min': 23, 'max': 66}], 'network_type': None, 'excluded_converted_audience': {'conversion_behavior_list': ['OPTIMIZATIONGOAL_APP_ACTIVATE'], 'excluded_dimension': 'EXCLUDED_DIMENSION_APP'}, 'geo_location': {'regions': None, 'location_types': None}, 'intention': {'targeting_tags': [205]}, 'interest': {'category_id_list': [301, 205], 'keyword_list': None}, 'behavior': [{'category_id_list': [51, 85, 102, 203, 38, 631, 632], 'intensity': ['BEHAVIOR_INTEREST_INTENSITY_ALL'], 'keyword_list': ['保时捷', '凯迪拉克', '奔驰', '奥迪', '宝马', '本田', '沃尔沃', '法拉利', '豪车', '跑车', '迈巴赫'], 'scene': ['BEHAVIOR_INTEREST_SCENE_ALL'], 'time_window': 'BEHAVIOR_INTEREST_TIME_WINDOW_SEVEN_DAY'}]}",0,0
37926,9227,111111111111111111111111111111111111111111111111111111111111111111111111111111111111111111111111111111111100000000001111111111111111111111111111111111111100000000001111111111111111111111111111111111111111111111111111111111111111111111111111111111111111111111111111111111111111111111111111111111111111111111111111111111111111111111111111,OPTIMIZATIONGOAL_FIRST_PURCHASE,BID_STRATEGY_AVERAGE_COST,413332,,,,False,[],[],,720,,,,,1573087927,,PROMOTED_OBJECT_TYPE_APP_IOS,True,"{'image': 110572, 'description': '闯关+逃生，没WiFi也能玩一天，试试你能过几关？', 'video': 110572, 'button_text': '立即试玩', 'title': '休闲又解压，玩一天都不腻', 'brand': {'brand_name': '绝地末日', 'brand_img': 101812}}",1001446,2,13678,CESHI_GDT_MR_IOS,曙光信仰,disable,"{'device_price': ['PRICE_4500_MORE', 'PRICE_3500_4500', 'PRICE_2500_3500'], 'app_install_status': ['NOT_INSTALLED'], 'gender': ['MALE'], 'game_consumption_level': None, 'age': [{'min': 20, 'max': 66}], 'network_type': None, 'excluded_converted_audience': {'conversion_behavior_list': ['OPTIMIZATIONGOAL_APP_ACTIVATE'], 'excluded_dimension': 'EXCLUDED_DIMENSION_APP'}, 'geo_location': {'regions': None, 'location_types': None}, 'intention': {'targeting_tags': [205]}, 'interest': {'category_id_list': [301, 205], 'keyword_list': None}, 'behavior': [{'category_id_list': [51, 203, 38, 631, 632], 'intensity': ['BEHAVIOR_INTEREST_INTENSITY_ALL'], 'keyword_list': None, 'scene': ['BEHAVIOR_INTEREST_SCENE_ALL'], 'time_window': 'BEHAVIOR_INTEREST_TIME_WINDOW_SEVEN_DAY'}]}",0,0
37774,9219,111111111111111111111111111111111111111111111111111111111111111111111111111111111111111111111111111111111100000000001111111111111111111111111111111111111100000000001111111111111111111111111111111111111111111111111111111111111111111111111111111111111111111111111111111111111111111111111111111111111111111111111111111111111111111111111111,OPTIMIZATIONGOAL_APP_ACTIVATE,BID_STRATEGY_AVERAGE_COST,100000,DEEP_CONVERSION_WORTH,,"{'goal': 'GOAL_1DAY_PURCHASE_ROAS', 'expected_roi': 0.023}",False,[],[],,720,,,,,1573087927,,PROMOTED_OBJECT_TYPE_APP_IOS,True,"{'image': 109392, 'description': '闯关逃生，智商170卡在35关，能过66关智商超200！', 'video': 109392, 'button_text': '立即下载', 'label': [{'content': '回合制'}, {'content': '放置'}, {'content': '对战卡牌类'}], 'title': '休闲又解压，玩一天都不腻', 'brand': {'brand_name': '绝地末日', 'brand_img': 101812}}",1001446,2,13678,CESHI_GDT_MR_IOS,曙光信仰,disable,"{'device_price': None, 'app_install_status': ['NOT_INSTALLED'], 'gender': ['MALE'], 'game_consumption_level': None, 'age': [{'min': 23, 'max': 45}], 'network_type': None, 'excluded_converted_audience': {'conversion_behavior_list': None, 'excluded_dimension': None}, 'geo_location': {'regions': None, 'location_types': None}, 'intention': {'targeting_tags': [893]}, 'interest': {'category_id_list': [205], 'keyword_list': None}, 'behavior': [{'category_id_list': [205], 'intensity': ['BEHAVIOR_INTEREST_INTENSITY_ALL'], 'keyword_list': None, 'scene': ['BEHAVIOR_INTEREST_SCENE_ALL'], 'time_window': 'BEHAVIOR_INTEREST_TIME_WINDOW_SEVEN_DAY'}]}",0,0
37774,9221,111111111111111111111111111111111111111111111111111111111111111111111111111111111111111111111111111111111100000000001111111111111111111111111111111111111100000000001111111111111111111111111111111111111111111111111111111111111111111111111111111111111111111111111111111111111111111111111111111111111111111111111111111111111111111111111111,OPTIMIZATIONGOAL_FIRST_PURCHASE,BID_STRATEGY_AVERAGE_COST,421850,,,,False,[],"['SITE_SET_QQ_MUSIC_GAME', 'SITE_SET_KANDIAN', 'SITE_SET_TENCENT_NEWS', 'SITE_SET_TENCENT_VIDEO', 'SITE_SET_MOBILE_UNION']",,720,,,,,1573087927,,PROMOTED_OBJECT_TYPE_APP_IOS,False,"{'image': 109392, 'description': '智商149卡在了39关，这款游戏太烧脑，你能过几关？', 'video': 109392, 'button_text': '立即下载', 'title': '超好玩的闯关游戏，减压又过瘾', 'brand': {'brand_name': 'N1计划', 'brand_img': 77752}}",1001446,2,13678,CESHI_GDT_MR_IOS,曙光信仰,disable,"{'device_price': ['PRICE_4500_MORE', 'PRICE_3500_4500', 'PRICE_2500_3500'], 'app_install_status': ['NOT_INSTALLED'], 'gender': None, 'game_consumption_level': None, 'age': [{'min': 24, 'max': 66}], 'network_type': None, 'excluded_converted_audience': {'conversion_behavior_list': ['OPTIMIZATIONGOAL_APP_ACTIVATE'], 'excluded_dimension': 'EXCLUDED_DIMENSION_APP'}, 'geo_location': {'regions': None, 'location_types': None}, 'intention': {'targeting_tags': [205]}, 'interest': {'category_id_list': [301, 205, 16], 'keyword_list': None}, 'behavior': [{'category_id_list': [14, 51, 85, 102, 809, 817, 818, 827, 301, 38, 631, 632], 'intensity': ['BEHAVIOR_INTEREST_INTENSITY_ALL'], 'keyword_list': ['豪华跑车', '迈巴赫', '保时捷', '跑车', '法拉利', '豪车', '特斯拉', '豪华汽车', '奔驰', '奥迪', '宝马', '沃尔沃', '凯迪拉克', '雷克萨斯', '宝马汽车', '奥迪a6l', '奥迪q5', '养车', '洗车', '别墅', '度假', '碧桂园', '富豪', '温泉', '豪宅', '乘坐飞机', '飞机飞行', '大型飞机', '航空客机', '无人飞机', '航空飞行器', '飞行器', '港口', '远洋捕捞', '散装货船', '运输船', '车辆出口'], 'scene': ['BEHAVIOR_INTEREST_SCENE_ALL'], 'time_window': 'BEHAVIOR_INTEREST_TIME_WINDOW_SEVEN_DAY'}]}",0,0
34335,9226,111111111111111111111111111111111111111111111111111111111111111111111111111111111111111111111111111111111100000000001111111111111111111111111111111111111100000000001111111111111111111111111111111111111111111111111111111111111111111111111111111111111111111111111111111111111111111111111111111111111111111111111111111111111111111111111111,OPTIMIZATIONGOAL_FIRST_PURCHASE,BID_STRATEGY_AVERAGE_COST,392259,,,,True,"['age', 'gender']","['SITE_SET_QQ_MUSIC_GAME', 'SITE_SET_KANDIAN', 'SITE_SET_TENCENT_NEWS', 'SITE_SET_TENCENT_VIDEO', 'SITE_SET_MOBILE_UNION']",,720,,,,,1573087927,,PROMOTED_OBJECT_TYPE_APP_IOS,False,"{'image': 95629, 'description': '超魔性策略小游戏，试试你能闯几关', 'video': 95629, 'button_text': '立即下载', 'title': '无限游戏，休闲好玩又过瘾', 'brand': {'brand_name': 'N1计划', 'brand_img': 78613}}",1001446,2,13678,CESHI_GDT_MR_IOS,曙光信仰,disable,"{'device_price': None, 'app_install_status': None, 'gender': ['MALE'], 'game_consumption_level': None, 'age': [{'min': 14, 'max': 66}], 'network_type': None, 'excluded_converted_audience': {'conversion_behavior_list': None, 'excluded_dimension': None}, 'geo_location': {'regions': None, 'location_types': None}, 'intention': {'targeting_tags': None}, 'interest': {'category_id_list': None, 'keyword_list': None}, 'behavior': [{'category_id_list': None, 'intensity': None, 'keyword_list': None, 'scene': None, 'time_window': None}]}",0,0
34335,9220,111111111111111111111111111111111111111111111111111111111111111111111111111111111111111111111111111111111100000000001111111111111111111111111111111111111100000000001111111111111111111111111111111111111111111111111111111111111111111111111111111111111111111111111111111111111111111111111111111111111111111111111111111111111111111111111111,OPTIMIZATIONGOAL_APP_ACTIVATE,BID_STRATEGY_AVERAGE_COST,15363,DEEP_CONVERSION_WORTH,,"{'goal': 'GOAL_1DAY_PURCHASE_ROAS', 'expected_roi': 0.015}",True,[],"['SITE_SET_QQ_MUSIC_GAME', 'SITE_SET_KANDIAN', 'SITE_SET_TENCENT_NEWS', 'SITE_SET_TENCENT_VIDEO', 'SITE_SET_MOBILE_UNION']",,720,,,,,1573087927,,PROMOTED_OBJECT_TYPE_APP_IOS,False,"{'image': 95629, 'description': '超魔性策略小游戏，试试你能闯几关', 'video': 95629, 'button_text': '立即下载', 'title': '无限游戏，休闲好玩又刺激', 'brand': {'brand_name': 'N1计划', 'brand_img': 78613}}",1001446,2,13678,CESHI_GDT_MR_IOS,曙光信仰,disable,"{'device_price': None, 'app_install_status': ['NOT_INSTALLED'], 'gender': ['MALE'], 'game_consumption_level': None, 'age': [{'min': 20, 'max': 66}], 'network_type': None, 'excluded_converted_audience': {'conversion_behavior_list': None, 'excluded_dimension': None}, 'geo_location': {'regions': None, 'location_types': None}, 'intention': {'targeting_tags': None}, 'interest': {'category_id_list': None, 'keyword_list': None}, 'behavior': [{'category_id_list': None, 'intensity': None, 'keyword_list': None, 'scene': None, 'time_window': None}]}",0,0
34335,9227,111111111111111111111111111111111111111111111111111111111111111111111111111111111111111111111111111111111100000000001111111111111111111111111111111111111100000000001111111111111111111111111111111111111111111111111111111111111111111111111111111111111111111111111111111111111111111111111111111111111111111111111111111111111111111111111111,OPTIMIZATIONGOAL_APP_ACTIVATE,BID_STRATEGY_AVERAGE_COST,11503,DEEP_CONVERSION_WORTH,,"{'goal': 'GOAL_1DAY_PURCHASE_ROAS', 'expected_roi': 0.02}",False,[],"['SITE_SET_QQ_MUSIC_GAME', 'SITE_SET_KANDIAN', 'SITE_SET_TENCENT_NEWS', 'SITE_SET_TENCENT_VIDEO', 'SITE_SET_MOBILE_UNION']",,720,,,,,1573087927,,PROMOTED_OBJECT_TYPE_APP_IOS,False,"{'image': 95629, 'description': '智商149卡在了39关，这款游戏太烧脑，你能过几关？', 'video': 95629, 'button_text': '立即体验', 'title': '无限关卡游戏，休闲不伤脑！', 'brand': {'brand_name': 'n1计划', 'brand_img': 65514}}",1001446,2,13678,CESHI_GDT_MR_IOS,曙光信仰,disable,"{'device_price': None, 'app_install_status': ['NOT_INSTALLED'], 'gender': ['MALE'], 'game_consumption_level': None, 'age': [{'min': 24, 'max': 66}], 'network_type': None, 'excluded_converted_audience': {'conversion_behavior_list': ['OPTIMIZATIONGOAL_APP_ACTIVATE'], 'excluded_dimension': 'EXCLUDED_DIMENSION_APP'}, 'geo_location': {'regions': None, 'location_types': None}, 'intention': {'targeting_tags': None}, 'interest': {'category_id_list': None, 'keyword_list': None}, 'behavior': [{'category_id_list': None, 'intensity': None, 'keyword_list': None, 'scene': None, 'time_window': None}]}",0,0
34335,9219,111111111111111111111111111111111111111111111111111111111111111111111111111111111111111111111111111111111100000000001111111111111111111111111111111111111100000000001111111111111111111111111111111111111111111111111111111111111111111111111111111111111111111111111111111111111111111111111111111111111111111111111111111111111111111111111111,OPTIMIZATIONGOAL_APP_ACTIVATE,BID_STRATEGY_AVERAGE_COST,13776,DEEP_CONVERSION_WORTH,,"{'goal': 'GOAL_1DAY_PURCHASE_ROAS', 'expected_roi': 0.02}",False,[],"['SITE_SET_QQ_MUSIC_GAME', 'SITE_SET_KANDIAN', 'SITE_SET_TENCENT_NEWS', 'SITE_SET_TENCENT_VIDEO', 'SITE_SET_MOBILE_UNION']",,721,,,,,1573087927,,PROMOTED_OBJECT_TYPE_APP_IOS,False,"{'image': 95628, 'description': '超魔性策略小游戏，试试你能闯几关', 'video': 95628, 'button_text': '立即下载', 'title': '无限游戏，休闲好玩又刺激', 'brand': {'brand_name': 'N1计划', 'brand_img': 78613}}",1001446,2,13678,CESHI_GDT_MR_IOS,曙光信仰,disable,"{'device_price': ['PRICE_2500_3500', 'PRICE_3500_4500', 'PRICE_4500_MORE'], 'app_install_status': ['NOT_INSTALLED'], 'gender': None, 'game_consumption_level': None, 'age': [{'min': 24, 'max': 66}], 'network_type': None, 'excluded_converted_audience': {'conversion_behavior_list': ['OPTIMIZATIONGOAL_APP_ACTIVATE'], 'excluded_dimension': 'EXCLUDED_DIMENSION_APP'}, 'geo_location': {'regions': None, 'location_types': None}, 'intention': {'targeting_tags': [205]}, 'interest': {'category_id_list': [301, 205, 16], 'keyword_list': None}, 'behavior': [{'category_id_list': [197, 51, 85, 102, 809, 524, 812, 813, 817, 818, 827, 301, 38, 631, 632, 164], 'intensity': ['BEHAVIOR_INTEREST_INTENSITY_ALL'], 'keyword_list': ['乘坐飞机', '保时捷', '凯迪拉克', '别墅', '大型飞机', '奔驰', '奥迪', '奥迪a6l', '奥迪q5', '宝马', '宝马汽车', '富豪', '度假', '无人飞机', '沃尔沃', '法拉利', '温泉', '港口', '特斯拉', '碧桂园', '豪华汽车', '豪华跑车', '豪车', '跑车', '车辆出口', '迈巴赫', '运输船', '远洋捕捞', '雷克萨斯', '飞行', '驾驶飞机'], 'scene': ['BEHAVIOR_INTEREST_SCENE_ALL'], 'time_window': 'BEHAVIOR_INTEREST_TIME_WINDOW_SEVEN_DAY'}]}",0,0
34335,9227,111111111111111111111111111111111111111111111111111111111111111111111111111111111111111111111111111111111100000000001111111111111111111111111111111111111100000000001111111111111111111111111111111111111111111111111111111111111111111111111111111111111111111111111111111111111111111111111111111111111111111111111111111111111111111111111111,OPTIMIZATIONGOAL_FIRST_PURCHASE,BID_STRATEGY_AVERAGE_COST,413332,,,,True,['age'],"['SITE_SET_QQ_MUSIC_GAME', 'SITE_SET_KANDIAN', 'SITE_SET_TENCENT_NEWS', 'SITE_SET_TENCENT_VIDEO', 'SITE_SET_MOBILE_UNION']",,720,,,,,1573087927,,PROMOTED_OBJECT_TYPE_APP_IOS,False,"{'image': 95629, 'description': '超魔性策略小游戏，试试你能闯几关', 'video': 95629, 'button_text': '立即下载', 'title': '无限游戏，休闲好玩又刺激', 'brand': {'brand_name': '幸存挑战', 'brand_img': 112395}}",1001446,2,13678,CESHI_GDT_MR_IOS,曙光信仰,disable,"{'device_price': ['PRICE_4500_MORE', 'PRICE_3500_4500', 'PRICE_2500_3500'], 'app_install_status': ['NOT_INSTALLED'], 'gender': ['MALE'], 'game_consumption_level': None, 'age': [{'min': 25, 'max': 66}], 'network_type': None, 'excluded_converted_audience': {'conversion_behavior_list': ['OPTIMIZATIONGOAL_APP_DOWNLOAD'], 'excluded_dimension': 'EXCLUDED_DIMENSION_APP'}, 'geo_location': {'regions': None, 'location_types': None}, 'intention': {'targeting_tags': [205]}, 'interest': {'category_id_list': [157, 205], 'keyword_list': None}, 'behavior': [{'category_id_list': [111, 14, 85, 102, 160, 161, 1087, 1656, 1661, 1091, 817, 818, 205], 'intensity': ['BEHAVIOR_INTEREST_INTENSITY_ALL'], 'keyword_list': None, 'scene': ['BEHAVIOR_INTEREST_SCENE_ALL'], 'time_window': 'BEHAVIOR_INTEREST_TIME_WINDOW_SEVEN_DAY'}]}",0,0
33114,9226,111111111111111111111111111111111111111111111111111111111111111111111111111111111111111111111111111111111100000000001111111111111111111111111111111111111100000000001111111111111111111111111111111111111111111111111111111111111111111111111111111111111111111111111111111111111111111111111111111111111111111111111111111111111111111111111111,OPTIMIZATIONGOAL_FIRST_PURCHASE,BID_STRATEGY_AVERAGE_COST,422652,,,,False,[],"['SITE_SET_QQ_MUSIC_GAME', 'SITE_SET_KANDIAN', 'SITE_SET_TENCENT_NEWS', 'SITE_SET_TENCENT_VIDEO', 'SITE_SET_MOBILE_UNION']",,720,,,,,1573087927,,PROMOTED_OBJECT_TYPE_APP_IOS,False,"{'image': 88475, 'description': '智商149卡在了39关，这款游戏太烧脑，你能过几关？', 'video': 88475, 'button_text': '下载游戏', 'title': '无限关卡游戏，休闲不伤脑！', 'brand': {'brand_name': 'n1计划', 'brand_img': 78613}}",1001446,2,13678,CESHI_GDT_MR_IOS,曙光信仰,disable,"{'device_price': ['PRICE_2500_3500', 'PRICE_3500_4500', 'PRICE_4500_MORE'], 'app_install_status': ['NOT_INSTALLED'], 'gender': ['MALE'], 'game_consumption_level': None, 'age': [{'min': 25, 'max': 66}], 'network_type': None, 'excluded_converted_audience': {'conversion_behavior_list': ['OPTIMIZATIONGOAL_APP_ACTIVATE'], 'excluded_dimension': 'EXCLUDED_DIMENSION_APP'}, 'geo_location': {'regions': None, 'location_types': None}, 'intention': {'targeting_tags': [205]}, 'interest': {'category_id_list': [301, 205], 'keyword_list': None}, 'behavior': [{'category_id_list': [51, 85, 102, 203, 38, 631, 632], 'intensity': ['BEHAVIOR_INTEREST_INTENSITY_ALL'], 'keyword_list': ['保时捷', '凯迪拉克', '奔驰', '奥迪', '宝马', '本田', '沃尔沃', '法拉利', '豪车', '跑车', '迈巴赫'], 'scene': ['BEHAVIOR_INTEREST_SCENE_ALL'], 'time_window': 'BEHAVIOR_INTEREST_TIME_WINDOW_SEVEN_DAY'}]}",0,0
39377,9225,111111111111111111111111111111111111111111111111111111111111111111111111111111111111111111111111111111111100000000001111111111111111111111111111111111111100000000001111111111111111111111111111111111111111111111111111111111111111111111111111111111111111111111111111111111111111111111111111111111111111111111111111111111111111111111111111,OPTIMIZATIONGOAL_APP_ACTIVATE,BID_STRATEGY_TARGET_COST,13534,DEEP_CONVERSION_WORTH,,"{'goal': 'GOAL_1DAY_PURCHASE_ROAS', 'expected_roi': 0.02}",False,[],"['SITE_SET_QQ_MUSIC_GAME', 'SITE_SET_KANDIAN', 'SITE_SET_TENCENT_NEWS', 'SITE_SET_TENCENT_VIDEO', 'SITE_SET_MOBILE_UNION']",,720,,,,,1573087927,,PROMOTED_OBJECT_TYPE_APP_IOS,False,"{'image': 117161, 'description': '智商149卡在了39关，这款游戏太烧脑，你能过几关？', 'video': 117161, 'button_text': '下载游戏', 'title': '无限关卡游戏，休闲不伤脑！', 'brand': {'brand_name': 'n1计划', 'brand_img': 78613}}",1001446,2,13678,CESHI_GDT_MR_IOS,曙光信仰,disable,"{'device_price': None, 'app_install_status': None, 'gender': ['MALE'], 'game_consumption_level': None, 'age': [{'min': 14, 'max': 66}], 'network_type': None, 'excluded_converted_audience': {'conversion_behavior_list': None, 'excluded_dimension': None}, 'geo_location': {'regions': None, 'location_types': None}, 'intention': {'targeting_tags': None}, 'interest': {'category_id_list': None, 'keyword_list': None}, 'behavior': [{'category_id_list': None, 'intensity': None, 'keyword_list': None, 'scene': None, 'time_window': None}]}",0,0
39377,9224,111111111111111111111111111111111111111111111111111111111111111111111111111111111111111111111111111111111100000000001111111111111111111111111111111111111100000000001111111111111111111111111111111111111111111111111111111111111111111111111111111111111111111111111111111111111111111111111111111111111111111111111111111111111111111111111111,OPTIMIZATIONGOAL_APP_ACTIVATE,BID_STRATEGY_AVERAGE_COST,15000,DEEP_CONVERSION_WORTH,,"{'goal': 'GOAL_1DAY_PURCHASE_ROAS', 'expected_roi': 0.018}",False,[],"['SITE_SET_QQ_MUSIC_GAME', 'SITE_SET_KANDIAN', 'SITE_SET_TENCENT_NEWS', 'SITE_SET_TENCENT_VIDEO', 'SITE_SET_MOBILE_UNION']",,721,,,,,1573087927,,PROMOTED_OBJECT_TYPE_APP_IOS,False,"{'image': 117160, 'description': '闯关+逃生，没WiFi也能玩一天，试试你能过几关？', 'video': 117160, 'button_text': '下载游戏', 'title': '休闲好玩又刺激', 'brand': {'brand_name': 'N1计划', 'brand_img': 77752}}",1001446,2,13678,CESHI_GDT_MR_IOS,曙光信仰,disable,"{'device_price': None, 'app_install_status': ['NOT_INSTALLED'], 'gender': None, 'game_consumption_level': None, 'age': [{'min': 24, 'max': 66}], 'network_type': None, 'excluded_converted_audience': {'conversion_behavior_list': ['OPTIMIZATIONGOAL_APP_DOWNLOAD'], 'excluded_dimension': 'EXCLUDED_DIMENSION_APP'}, 'geo_location': {'regions': None, 'location_types': None}, 'intention': {'targeting_tags': [205]}, 'interest': {'category_id_list': [157, 205], 'keyword_list': None}, 'behavior': [{'category_id_list': [157, 205], 'intensity': ['BEHAVIOR_INTEREST_INTENSITY_ALL'], 'keyword_list': None, 'scene': ['BEHAVIOR_INTEREST_SCENE_ALL'], 'time_window': 'BEHAVIOR_INTEREST_TIME_WINDOW_SEVEN_DAY'}]}",0,0
39377,9227,111111111111111111111111111111111111111111111111111111111111111111111111111111111111111111111111111111111100000000001111111111111111111111111111111111111100000000001111111111111111111111111111111111111111111111111111111111111111111111111111111111111111111111111111111111111111111111111111111111111111111111111111111111111111111111111111,OPTIMIZATIONGOAL_APP_ACTIVATE,BID_STRATEGY_AVERAGE_COST,11639,DEEP_CONVERSION_WORTH,,"{'goal': 'GOAL_1DAY_PURCHASE_ROAS', 'expected_roi': 0.022}",False,[],"['SITE_SET_QQ_MUSIC_GAME', 'SITE_SET_KANDIAN', 'SITE_SET_TENCENT_NEWS', 'SITE_SET_TENCENT_VIDEO', 'SITE_SET_MOBILE_UNION']",,720,,,,,1573087927,,PROMOTED_OBJECT_TYPE_APP_IOS,False,"{'image': 117161, 'description': '超魔性策略小游戏，试试你能闯几关', 'video': 117161, 'button_text': '立即下载', 'title': '无限游戏，休闲好玩又刺激', 'brand': {'brand_name': 'N1计划', 'brand_img': 78613}}",1001446,2,13678,CESHI_GDT_MR_IOS,曙光信仰,disable,"{'device_price': None, 'app_install_status': ['NOT_INSTALLED'], 'gender': ['MALE'], 'game_consumption_level': None, 'age': [{'min': 23, 'max': 49}], 'network_type': None, 'excluded_converted_audience': {'conversion_behavior_list': ['OPTIMIZATIONGOAL_APP_DOWNLOAD'], 'excluded_dimension': 'EXCLUDED_DIMENSION_APP'}, 'geo_location': {'regions': None, 'location_types': None}, 'intention': {'targeting_tags': [205]}, 'interest': {'category_id_list': [157, 205], 'keyword_list': None}, 'behavior': [{'category_id_list': [157, 205], 'intensity': ['BEHAVIOR_INTEREST_INTENSITY_ALL'], 'keyword_list': None, 'scene': ['BEHAVIOR_INTEREST_SCENE_ALL'], 'time_window': 'BEHAVIOR_INTEREST_TIME_WINDOW_SEVEN_DAY'}]}",0,0
39377,9227,111111111111111111111111111111111111111111111111111111111111111111111111111111111111111111111111111111111100000000001111111111111111111111111111111111111100000000001111111111111111111111111111111111111111111111111111111111111111111111111111111111111111111111111111111111111111111111111111111111111111111111111111111111111111111111111111,OPTIMIZATIONGOAL_APP_ACTIVATE,BID_STRATEGY_AVERAGE_COST,15800,DEEP_CONVERSION_WORTH,,"{'goal': 'GOAL_1DAY_PURCHASE_ROAS', 'expected_roi': 0.01}",False,[],"['SITE_SET_QQ_MUSIC_GAME', 'SITE_SET_KANDIAN', 'SITE_SET_TENCENT_NEWS', 'SITE_SET_TENCENT_VIDEO', 'SITE_SET_MOBILE_UNION']",,720,,,,,1573087927,,PROMOTED_OBJECT_TYPE_APP_IOS,False,"{'image': 117161, 'description': '全新无限关卡小游戏，能过50关是人才，你能闯几关？', 'video': 117161, 'button_text': '立即下载', 'title': '绝地末日', 'brand': {'brand_name': '绝地末日', 'brand_img': 101812}}",1001446,2,13678,CESHI_GDT_MR_IOS,曙光信仰,disable,"{'device_price': None, 'app_install_status': None, 'gender': None, 'game_consumption_level': None, 'age': [{'min': 24, 'max': 66}], 'network_type': None, 'excluded_converted_audience': {'conversion_behavior_list': None, 'excluded_dimension': None}, 'geo_location': {'regions': None, 'location_types': None}, 'intention': {'targeting_tags': [205]}, 'interest': {'category_id_list': [205], 'keyword_list': None}, 'behavior': [{'category_id_list': [85, 102, 809, 524, 522, 812, 814, 817, 818, 827, 301, 38, 631, 632, 392], 'intensity': ['BEHAVIOR_INTEREST_INTENSITY_ALL'], 'keyword_list': ['别墅', '度假', '碧桂园', '富豪', '温泉', '住宅', '豪宅', '开盘', '养老院', '玉器古董', '文物', '博物馆', '龙纹', '文玩', '出土', '拍卖', '核桃', '陶瓷', '故宫博物院', '收藏字画', '古玩收藏', '古玩古钱币', '现代钱币', '古董工艺品', '清代瓷器', '中国工艺品', '宋代瓷器', '古玉器', '文玩古董', '珍藏邮票', '集邮册', '邮票珍藏册', '邮票册', '邮票集', '普通邮票', '特种邮票', '邮票套装', '纪念币', '红色邮票', '证券', '航天币', 'pcgs评级币', '奥运纪念章', '邮票价格查询', '徐悲鸿十二生肖', '邮票纪念册', '邮币世界', '二轮生肖纪念币', '编年邮票小型张', '手工泥塑', '工艺陶瓷', '木制工艺品', '特色创意', '民族特色手工艺', '民间布艺', '装饰工艺', '竹编篮子', '手工工艺品', '宗教工艺品', '豪华汽车', '豪华跑车', '迈巴赫', '保时捷', '跑车', '法拉利', '豪车', '特斯拉', '奔驰', '奥迪q5', '奥迪', '宝马', '沃尔沃', '雷克萨斯', '奥迪a6l', '宝马汽车', '凯迪拉克', '乘坐飞机', '太空飞机', '飞行', '飞行器', '飞机飞行', '驾驶飞机', '大型飞机', '航空客机', '无人飞机', '航空飞行器', '电站设备', '远洋捕捞', '船用', '车辆出口', '滚装船', '港口', '船舶租赁', '运输船', '散装货船', '厦门港'], 'scene': ['BEHAVIOR_INTEREST_SCENE_ALL'], 'time_window': 'BEHAVIOR_INTEREST_TIME_WINDOW_SEVEN_DAY'}]}",0,0
39417,9226,111111111111111111111111111111111111111111111111111111111111111111111111111111111111111111111111111111111100000000001111111111111111111111111111111111111100000000001111111111111111111111111111111111111111111111111111111111111111111111111111111111111111111111111111111111111111111111111111111111111111111111111111111111111111111111111111,OPTIMIZATIONGOAL_APP_ACTIVATE,BID_STRATEGY_AVERAGE_COST,100000,DEEP_CONVERSION_WORTH,,"{'goal': 'GOAL_1DAY_PURCHASE_ROAS', 'expected_roi': 0.023}",False,[],"['SITE_SET_QQ_MUSIC_GAME', 'SITE_SET_KANDIAN', 'SITE_SET_TENCENT_NEWS', 'SITE_SET_TENCENT_VIDEO', 'SITE_SET_MOBILE_UNION']",,720,,,,,1573087927,,PROMOTED_OBJECT_TYPE_APP_IOS,False,"{'image': 117291, 'description': '智商149卡在了39关，这款游戏太烧脑，你能过几关？', 'video': 117291, 'button_text': '下载游戏', 'title': '无限关卡游戏，休闲不伤脑！', 'brand': {'brand_name': 'n1计划', 'brand_img': 78613}}",1001446,2,13678,CESHI_GDT_MR_IOS,曙光信仰,disable,"{'device_price': ['PRICE_2500_3500', 'PRICE_3500_4500', 'PRICE_4500_MORE'], 'app_install_status': ['NOT_INSTALLED'], 'gender': ['MALE'], 'game_consumption_level': None, 'age': [{'min': 25, 'max': 66}], 'network_type': None, 'excluded_converted_audience': {'conversion_behavior_list': ['OPTIMIZATIONGOAL_APP_ACTIVATE'], 'excluded_dimension': 'EXCLUDED_DIMENSION_APP'}, 'geo_location': {'regions': None, 'location_types': None}, 'intention': {'targeting_tags': [205]}, 'interest': {'category_id_list': [301, 205], 'keyword_list': None}, 'behavior': [{'category_id_list': [51, 85, 102, 203, 38, 631, 632], 'intensity': ['BEHAVIOR_INTEREST_INTENSITY_ALL'], 'keyword_list': ['保时捷', '凯迪拉克', '奔驰', '奥迪', '宝马', '本田', '沃尔沃', '法拉利', '豪车', '跑车', '迈巴赫'], 'scene': ['BEHAVIOR_INTEREST_SCENE_ALL'], 'time_window': 'BEHAVIOR_INTEREST_TIME_WINDOW_SEVEN_DAY'}]}",0,0
39417,9221,111111111111111111111111111111111111111111111111111111111111111111111111111111111111111111111111111111111100000000001111111111111111111111111111111111111100000000001111111111111111111111111111111111111111111111111111111111111111111111111111111111111111111111111111111111111111111111111111111111111111111111111111111111111111111111111111,OPTIMIZATIONGOAL_APP_ACTIVATE,BID_STRATEGY_AVERAGE_COST,11639,DEEP_CONVERSION_WORTH,,"{'goal': 'GOAL_1DAY_PURCHASE_ROAS', 'expected_roi': 0.022}",False,[],"['SITE_SET_QQ_MUSIC_GAME', 'SITE_SET_KANDIAN', 'SITE_SET_TENCENT_NEWS', 'SITE_SET_TENCENT_VIDEO', 'SITE_SET_MOBILE_UNION']",,720,,,,,1573087927,,PROMOTED_OBJECT_TYPE_APP_IOS,False,"{'image': 117291, 'description': '末日主题生存游戏，没有wifi也能玩！', 'video': 117291, 'button_text': '下载游戏', 'title': '休闲好玩又刺激', 'brand': {'brand_name': 'N1计划', 'brand_img': 77752}}",1001446,2,13678,CESHI_GDT_MR_IOS,曙光信仰,disable,"{'device_price': None, 'app_install_status': None, 'gender': ['MALE'], 'game_consumption_level': None, 'age': [{'min': 14, 'max': 66}], 'network_type': None, 'excluded_converted_audience': {'conversion_behavior_list': None, 'excluded_dimension': None}, 'geo_location': {'regions': None, 'location_types': None}, 'intention': {'targeting_tags': None}, 'interest': {'category_id_list': None, 'keyword_list': None}, 'behavior': [{'category_id_list': None, 'intensity': None, 'keyword_list': None, 'scene': None, 'time_window': None}]}",0,0
